date,employee,group,assignment
2026-08-01,S1,A,OFF
2026-08-01,S2,A,N
2026-08-01,S3,A,M
2026-08-01,S4,A,SB
2026-08-01,S5,A,A
2026-08-01,S6,B,M
2026-08-01,S7,B,A
2026-08-01,S8,B,N
2026-08-01,S9,B,SB
2026-08-01,S10,B,OFF
2026-08-02,S1,A,OFF
2026-08-02,S2,A,N
2026-08-02,S3,A,M
2026-08-02,S4,A,SB
2026-08-02,S5,A,A
2026-08-02,S6,B,OFF
2026-08-02,S7,B,N
2026-08-02,S8,B,SB
2026-08-02,S9,B,A
2026-08-02,S10,B,M
2026-08-03,S1,A,A
2026-08-03,S2,A,OFF
2026-08-03,S3,A,M
2026-08-03,S4,A,SB
2026-08-03,S5,A,N
2026-08-03,S6,B,OFF
2026-08-03,S7,B,A
2026-08-03,S8,B,SB
2026-08-03,S9,B,N
2026-08-03,S10,B,M
2026-08-04,S1,A,N
2026-08-04,S2,A,A
2026-08-04,S3,A,M
2026-08-04,S4,A,SB
2026-08-04,S5,A,OFF
2026-08-04,S6,B,A
2026-08-04,S7,B,M
2026-08-04,S8,B,OFF
2026-08-04,S9,B,SB
2026-08-04,S10,B,N
2026-08-05,S1,A,A
2026-08-05,S2,A,M
2026-08-05,S3,A,OFF
2026-08-05,S4,A,N
2026-08-05,S5,A,SB
2026-08-05,S6,B,M
2026-08-05,S7,B,SB
2026-08-05,S8,B,A
2026-08-05,S9,B,N
2026-08-05,S10,B,OFF
2026-08-06,S1,A,N
2026-08-06,S2,A,M
2026-08-06,S3,A,SB
2026-08-06,S4,A,A
2026-08-06,S5,A,OFF
2026-08-06,S6,B,N
2026-08-06,S7,B,A
2026-08-06,S8,B,M
2026-08-06,S9,B,OFF
2026-08-06,S10,B,SB
2026-08-07,S1,A,N
2026-08-07,S2,A,OFF
2026-08-07,S3,A,A
2026-08-07,S4,A,SB
2026-08-07,S5,A,M
2026-08-07,S6,B,A
2026-08-07,S7,B,OFF
2026-08-07,S8,B,M
2026-08-07,S9,B,SB
2026-08-07,S10,B,N
2026-08-08,S1,A,SB
2026-08-08,S2,A,OFF
2026-08-08,S3,A,M
2026-08-08,S4,A,A
2026-08-08,S5,A,N
2026-08-08,S6,B,A
2026-08-08,S7,B,OFF
2026-08-08,S8,B,M
2026-08-08,S9,B,N
2026-08-08,S10,B,SB
2026-08-09,S1,A,N
2026-08-09,S2,A,OFF
2026-08-09,S3,A,M
2026-08-09,S4,A,SB
2026-08-09,S5,A,A
2026-08-09,S6,B,M
2026-08-09,S7,B,N
2026-08-09,S8,B,SB
2026-08-09,S9,B,A
2026-08-09,S10,B,OFF
2026-08-10,S1,A,SB
2026-08-10,S2,A,A
2026-08-10,S3,A,M
2026-08-10,S4,A,OFF
2026-08-10,S5,A,N
2026-08-10,S6,B,SB
2026-08-10,S7,B,A
2026-08-10,S8,B,N
2026-08-10,S9,B,M
2026-08-10,S10,B,OFF
2026-08-11,S1,A,N
2026-08-11,S2,A,SB
2026-08-11,S3,A,A
2026-08-11,S4,A,M
2026-08-11,S5,A,OFF
2026-08-11,S6,B,N
2026-08-11,S7,B,OFF
2026-08-11,S8,B,A
2026-08-11,S9,B,M
2026-08-11,S10,B,SB
2026-08-12,S1,A,SB
2026-08-12,S2,A,N
2026-08-12,S3,A,M
2026-08-12,S4,A,A
2026-08-12,S5,A,OFF
2026-08-12,S6,B,N
2026-08-12,S7,B,OFF
2026-08-12,S8,B,SB
2026-08-12,S9,B,M
2026-08-12,S10,B,A
2026-08-13,S1,A,OFF
2026-08-13,S2,A,N
2026-08-13,S3,A,SB
2026-08-13,S4,A,M
2026-08-13,S5,A,A
2026-08-13,S6,B,SB
2026-08-13,S7,B,OFF
2026-08-13,S8,B,N
2026-08-13,S9,B,M
2026-08-13,S10,B,A
2026-08-14,S1,A,N
2026-08-14,S2,A,OFF
2026-08-14,S3,A,A
2026-08-14,S4,A,M
2026-08-14,S5,A,SB
2026-08-14,S6,B,OFF
2026-08-14,S7,B,M
2026-08-14,S8,B,A
2026-08-14,S9,B,SB
2026-08-14,S10,B,N
2026-08-15,S1,A,SB
2026-08-15,S2,A,N
2026-08-15,S3,A,OFF
2026-08-15,S4,A,M
2026-08-15,S5,A,A
2026-08-15,S6,B,OFF
2026-08-15,S7,B,N
2026-08-15,S8,B,M
2026-08-15,S9,B,A
2026-08-15,S10,B,SB
2026-08-16,S1,A,N
2026-08-16,S2,A,SB
2026-08-16,S3,A,OFF
2026-08-16,S4,A,A
2026-08-16,S5,A,M
2026-08-16,S6,B,M
2026-08-16,S7,B,N
2026-08-16,S8,B,SB
2026-08-16,S9,B,A
2026-08-16,S10,B,OFF
2026-08-17,S1,A,N
2026-08-17,S2,A,OFF
2026-08-17,S3,A,A
2026-08-17,S4,A,SB
2026-08-17,S5,A,M
2026-08-17,S6,B,A
2026-08-17,S7,B,OFF
2026-08-17,S8,B,N
2026-08-17,S9,B,SB
2026-08-17,S10,B,M
2026-08-18,S1,A,OFF
2026-08-18,S2,A,M
2026-08-18,S3,A,N
2026-08-18,S4,A,A
2026-08-18,S5,A,SB
2026-08-18,S6,B,M
2026-08-18,S7,B,OFF
2026-08-18,S8,B,A
2026-08-18,S9,B,SB
2026-08-18,S10,B,N
2026-08-19,S1,A,OFF
2026-08-19,S2,A,M
2026-08-19,S3,A,A
2026-08-19,S4,A,SB
2026-08-19,S5,A,N
2026-08-19,S6,B,SB
2026-08-19,S7,B,M
2026-08-19,S8,B,N
2026-08-19,S9,B,A
2026-08-19,S10,B,OFF
2026-08-20,S1,A,OFF
2026-08-20,S2,A,M
2026-08-20,S3,A,SB
2026-08-20,S4,A,N
2026-08-20,S5,A,A
2026-08-20,S6,B,A
2026-08-20,S7,B,M
2026-08-20,S8,B,N
2026-08-20,S9,B,SB
2026-08-20,S10,B,OFF
2026-08-21,S1,A,M
2026-08-21,S2,A,SB
2026-08-21,S3,A,A
2026-08-21,S4,A,OFF
2026-08-21,S5,A,N
2026-08-21,S6,B,M
2026-08-21,S7,B,SB
2026-08-21,S8,B,OFF
2026-08-21,S9,B,N
2026-08-21,S10,B,A
2026-08-22,S1,A,N
2026-08-22,S2,A,A
2026-08-22,S3,A,M
2026-08-22,S4,A,OFF
2026-08-22,S5,A,SB
2026-08-22,S6,B,SB
2026-08-22,S7,B,OFF
2026-08-22,S8,B,M
2026-08-22,S9,B,A
2026-08-22,S10,B,N
2026-08-23,S1,A,A
2026-08-23,S2,A,M
2026-08-23,S3,A,N
2026-08-23,S4,A,OFF
2026-08-23,S5,A,SB
2026-08-23,S6,B,N
2026-08-23,S7,B,M
2026-08-23,S8,B,A
2026-08-23,S9,B,OFF
2026-08-23,S10,B,SB
2026-08-24,S1,A,M
2026-08-24,S2,A,SB
2026-08-24,S3,A,A
2026-08-24,S4,A,N
2026-08-24,S5,A,OFF
2026-08-24,S6,B,N
2026-08-24,S7,B,A
2026-08-24,S8,B,M
2026-08-24,S9,B,OFF
2026-08-24,S10,B,SB
2026-08-25,S1,A,A
2026-08-25,S2,A,N
2026-08-25,S3,A,M
2026-08-25,S4,A,OFF
2026-08-25,S5,A,SB
2026-08-25,S6,B,OFF
2026-08-25,S7,B,N
2026-08-25,S8,B,SB
2026-08-25,S9,B,M
2026-08-25,S10,B,A
2026-08-26,S1,A,M
2026-08-26,S2,A,A
2026-08-26,S3,A,SB
2026-08-26,S4,A,OFF
2026-08-26,S5,A,N
2026-08-26,S6,B,OFF
2026-08-26,S7,B,A
2026-08-26,S8,B,N
2026-08-26,S9,B,M
2026-08-26,S10,B,SB
2026-08-27,S1,A,SB
2026-08-27,S2,A,M
2026-08-27,S3,A,A
2026-08-27,S4,A,N
2026-08-27,S5,A,OFF
2026-08-27,S6,B,N
2026-08-27,S7,B,SB
2026-08-27,S8,B,A
2026-08-27,S9,B,M
2026-08-27,S10,B,OFF
2026-08-28,S1,A,A
2026-08-28,S2,A,SB
2026-08-28,S3,A,M
2026-08-28,S4,A,N
2026-08-28,S5,A,OFF
2026-08-28,S6,B,SB
2026-08-28,S7,B,A
2026-08-28,S8,B,M
2026-08-28,S9,B,N
2026-08-28,S10,B,OFF
2026-08-29,S1,A,A
2026-08-29,S2,A,N
2026-08-29,S3,A,M
2026-08-29,S4,A,SB
2026-08-29,S5,A,OFF
2026-08-29,S6,B,N
2026-08-29,S7,B,M
2026-08-29,S8,B,SB
2026-08-29,S9,B,A
2026-08-29,S10,B,OFF
2026-08-30,S1,A,N
2026-08-30,S2,A,SB
2026-08-30,S3,A,M
2026-08-30,S4,A,A
2026-08-30,S5,A,OFF
2026-08-30,S6,B,N
2026-08-30,S7,B,A
2026-08-30,S8,B,OFF
2026-08-30,S9,B,SB
2026-08-30,S10,B,M
2026-08-31,S1,A,SB
2026-08-31,S2,A,A
2026-08-31,S3,A,N
2026-08-31,S4,A,OFF
2026-08-31,S5,A,M
2026-08-31,S6,B,SB
2026-08-31,S7,B,M
2026-08-31,S8,B,N
2026-08-31,S9,B,A
2026-08-31,S10,B,OFF
2026-09-01,S1,A,N
2026-09-01,S2,A,M
2026-09-01,S3,A,SB
2026-09-01,S4,A,OFF
2026-09-01,S5,A,A
2026-09-01,S6,B,SB
2026-09-01,S7,B,A
2026-09-01,S8,B,N
2026-09-01,S9,B,M
2026-09-01,S10,B,OFF
2026-09-02,S1,A,OFF
2026-09-02,S2,A,SB
2026-09-02,S3,A,N
2026-09-02,S4,A,A
2026-09-02,S5,A,M
2026-09-02,S6,B,OFF
2026-09-02,S7,B,M
2026-09-02,S8,B,SB
2026-09-02,S9,B,A
2026-09-02,S10,B,N
2026-09-03,S1,A,OFF
2026-09-03,S2,A,A
2026-09-03,S3,A,SB
2026-09-03,S4,A,M
2026-09-03,S5,A,N
2026-09-03,S6,B,N
2026-09-03,S7,B,OFF
2026-09-03,S8,B,SB
2026-09-03,S9,B,M
2026-09-03,S10,B,A
2026-09-04,S1,A,OFF
2026-09-04,S2,A,M
2026-09-04,S3,A,A
2026-09-04,S4,A,N
2026-09-04,S5,A,SB
2026-09-04,S6,B,OFF
2026-09-04,S7,B,SB
2026-09-04,S8,B,A
2026-09-04,S9,B,N
2026-09-04,S10,B,M
2026-09-05,S1,A,N
2026-09-05,S2,A,M
2026-09-05,S3,A,A
2026-09-05,S4,A,OFF
2026-09-05,S5,A,SB
2026-09-05,S6,B,OFF
2026-09-05,S7,B,N
2026-09-05,S8,B,M
2026-09-05,S9,B,A
2026-09-05,S10,B,SB
2026-09-06,S1,A,OFF
2026-09-06,S2,A,M
2026-09-06,S3,A,N
2026-09-06,S4,A,SB
2026-09-06,S5,A,A
2026-09-06,S6,B,OFF
2026-09-06,S7,B,A
2026-09-06,S8,B,M
2026-09-06,S9,B,SB
2026-09-06,S10,B,N
2026-09-07,S1,A,SB
2026-09-07,S2,A,M
2026-09-07,S3,A,A
2026-09-07,S4,A,OFF
2026-09-07,S5,A,N
2026-09-07,S6,B,OFF
2026-09-07,S7,B,M
2026-09-07,S8,B,N
2026-09-07,S9,B,SB
2026-09-07,S10,B,A
2026-09-08,S1,A,A
2026-09-08,S2,A,N
2026-09-08,S3,A,OFF
2026-09-08,S4,A,M
2026-09-08,S5,A,SB
2026-09-08,S6,B,A
2026-09-08,S7,B,M
2026-09-08,S8,B,SB
2026-09-08,S9,B,N
2026-09-08,S10,B,OFF
2026-09-09,S1,A,M
2026-09-09,S2,A,OFF
2026-09-09,S3,A,SB
2026-09-09,S4,A,A
2026-09-09,S5,A,N
2026-09-09,S6,B,A
2026-09-09,S7,B,M
2026-09-09,S8,B,N
2026-09-09,S9,B,SB
2026-09-09,S10,B,OFF
2026-09-10,S1,A,M
2026-09-10,S2,A,OFF
2026-09-10,S3,A,N
2026-09-10,S4,A,SB
2026-09-10,S5,A,A
2026-09-10,S6,B,A
2026-09-10,S7,B,N
2026-09-10,S8,B,SB
2026-09-10,S9,B,OFF
2026-09-10,S10,B,M
2026-09-11,S1,A,OFF
2026-09-11,S2,A,SB
2026-09-11,S3,A,A
2026-09-11,S4,A,N
2026-09-11,S5,A,M
2026-09-11,S6,B,M
2026-09-11,S7,B,SB
2026-09-11,S8,B,N
2026-09-11,S9,B,OFF
2026-09-11,S10,B,A
2026-09-12,S1,A,SB
2026-09-12,S2,A,A
2026-09-12,S3,A,M
2026-09-12,S4,A,OFF
2026-09-12,S5,A,N
2026-09-12,S6,B,SB
2026-09-12,S7,B,OFF
2026-09-12,S8,B,A
2026-09-12,S9,B,M
2026-09-12,S10,B,N
2026-09-13,S1,A,SB
2026-09-13,S2,A,N
2026-09-13,S3,A,M
2026-09-13,S4,A,OFF
2026-09-13,S5,A,A
2026-09-13,S6,B,A
2026-09-13,S7,B,OFF
2026-09-13,S8,B,M
2026-09-13,S9,B,SB
2026-09-13,S10,B,N
2026-09-14,S1,A,SB
2026-09-14,S2,A,OFF
2026-09-14,S3,A,N
2026-09-14,S4,A,A
2026-09-14,S5,A,M
2026-09-14,S6,B,N
2026-09-14,S7,B,M
2026-09-14,S8,B,A
2026-09-14,S9,B,SB
2026-09-14,S10,B,OFF
2026-09-15,S1,A,N
2026-09-15,S2,A,SB
2026-09-15,S3,A,A
2026-09-15,S4,A,M
2026-09-15,S5,A,OFF
2026-09-15,S6,B,SB
2026-09-15,S7,B,OFF
2026-09-15,S8,B,A
2026-09-15,S9,B,N
2026-09-15,S10,B,M
2026-09-16,S1,A,A
2026-09-16,S2,A,OFF
2026-09-16,S3,A,SB
2026-09-16,S4,A,N
2026-09-16,S5,A,M
2026-09-16,S6,B,N
2026-09-16,S7,B,M
2026-09-16,S8,B,SB
2026-09-16,S9,B,OFF
2026-09-16,S10,B,A
2026-09-17,S1,A,A
2026-09-17,S2,A,N
2026-09-17,S3,A,OFF
2026-09-17,S4,A,SB
2026-09-17,S5,A,M
2026-09-17,S6,B,SB
2026-09-17,S7,B,M
2026-09-17,S8,B,A
2026-09-17,S9,B,OFF
2026-09-17,S10,B,N
2026-09-18,S1,A,SB
2026-09-18,S2,A,OFF
2026-09-18,S3,A,A
2026-09-18,S4,A,N
2026-09-18,S5,A,M
2026-09-18,S6,B,A
2026-09-18,S7,B,N
2026-09-18,S8,B,M
2026-09-18,S9,B,OFF
2026-09-18,S10,B,SB
2026-09-19,S1,A,N
2026-09-19,S2,A,OFF
2026-09-19,S3,A,SB
2026-09-19,S4,A,A
2026-09-19,S5,A,M
2026-09-19,S6,B,N
2026-09-19,S7,B,A
2026-09-19,S8,B,OFF
2026-09-19,S9,B,M
2026-09-19,S10,B,SB
2026-09-20,S1,A,A
2026-09-20,S2,A,OFF
2026-09-20,S3,A,N
2026-09-20,S4,A,M
2026-09-20,S5,A,SB
2026-09-20,S6,B,A
2026-09-20,S7,B,SB
2026-09-20,S8,B,OFF
2026-09-20,S9,B,M
2026-09-20,S10,B,N
2026-09-21,S1,A,SB
2026-09-21,S2,A,A
2026-09-21,S3,A,OFF
2026-09-21,S4,A,M
2026-09-21,S5,A,N
2026-09-21,S6,B,M
2026-09-21,S7,B,N
2026-09-21,S8,B,OFF
2026-09-21,S9,B,A
2026-09-21,S10,B,SB
2026-09-22,S1,A,N
2026-09-22,S2,A,OFF
2026-09-22,S3,A,SB
2026-09-22,S4,A,M
2026-09-22,S5,A,A
2026-09-22,S6,B,OFF
2026-09-22,S7,B,SB
2026-09-22,S8,B,N
2026-09-22,S9,B,M
2026-09-22,S10,B,A
2026-09-23,S1,A,A
2026-09-23,S2,A,OFF
2026-09-23,S3,A,N
2026-09-23,S4,A,SB
2026-09-23,S5,A,M
2026-09-23,S6,B,OFF
2026-09-23,S7,B,A
2026-09-23,S8,B,SB
2026-09-23,S9,B,N
2026-09-23,S10,B,M
2026-09-24,S1,A,N
2026-09-24,S2,A,SB
2026-09-24,S3,A,A
2026-09-24,S4,A,OFF
2026-09-24,S5,A,M
2026-09-24,S6,B,OFF
2026-09-24,S7,B,M
2026-09-24,S8,B,N
2026-09-24,S9,B,A
2026-09-24,S10,B,SB
2026-09-25,S1,A,A
2026-09-25,S2,A,OFF
2026-09-25,S3,A,M
2026-09-25,S4,A,N
2026-09-25,S5,A,SB
2026-09-25,S6,B,N
2026-09-25,S7,B,M
2026-09-25,S8,B,SB
2026-09-25,S9,B,OFF
2026-09-25,S10,B,A
2026-09-26,S1,A,M
2026-09-26,S2,A,N
2026-09-26,S3,A,OFF
2026-09-26,S4,A,A
2026-09-26,S5,A,SB
2026-09-26,S6,B,SB
2026-09-26,S7,B,M
2026-09-26,S8,B,A
2026-09-26,S9,B,OFF
2026-09-26,S10,B,N
2026-09-27,S1,A,M
2026-09-27,S2,A,A
2026-09-27,S3,A,OFF
2026-09-27,S4,A,SB
2026-09-27,S5,A,N
2026-09-27,S6,B,SB
2026-09-27,S7,B,N
2026-09-27,S8,B,M
2026-09-27,S9,B,OFF
2026-09-27,S10,B,A
2026-09-28,S1,A,SB
2026-09-28,S2,A,A
2026-09-28,S3,A,M
2026-09-28,S4,A,OFF
2026-09-28,S5,A,N
2026-09-28,S6,B,A
2026-09-28,S7,B,N
2026-09-28,S8,B,M
2026-09-28,S9,B,OFF
2026-09-28,S10,B,SB
2026-09-29,S1,A,N
2026-09-29,S2,A,SB
2026-09-29,S3,A,A
2026-09-29,S4,A,M
2026-09-29,S5,A,OFF
2026-09-29,S6,B,M
2026-09-29,S7,B,SB
2026-09-29,S8,B,A
2026-09-29,S9,B,OFF
2026-09-29,S10,B,N
2026-09-30,S1,A,SB
2026-09-30,S2,A,OFF
2026-09-30,S3,A,N
2026-09-30,S4,A,M
2026-09-30,S5,A,A
2026-09-30,S6,B,OFF
2026-09-30,S7,B,SB
2026-09-30,S8,B,N
2026-09-30,S9,B,M
2026-09-30,S10,B,A
2026-10-01,S1,A,OFF
2026-10-01,S2,A,M
2026-10-01,S3,A,A
2026-10-01,S4,A,SB
2026-10-01,S5,A,N
2026-10-01,S6,B,OFF
2026-10-01,S7,B,N
2026-10-01,S8,B,SB
2026-10-01,S9,B,M
2026-10-01,S10,B,A
2026-10-02,S1,A,N
2026-10-02,S2,A,A
2026-10-02,S3,A,M
2026-10-02,S4,A,OFF
2026-10-02,S5,A,SB
2026-10-02,S6,B,M
2026-10-02,S7,B,SB
2026-10-02,S8,B,OFF
2026-10-02,S9,B,N
2026-10-02,S10,B,A
2026-10-03,S1,A,OFF
2026-10-03,S2,A,A
2026-10-03,S3,A,N
2026-10-03,S4,A,M
2026-10-03,S5,A,SB
2026-10-03,S6,B,SB
2026-10-03,S7,B,A
2026-10-03,S8,B,M
2026-10-03,S9,B,N
2026-10-03,S10,B,OFF
2026-10-04,S1,A,OFF
2026-10-04,S2,A,M
2026-10-04,S3,A,SB
2026-10-04,S4,A,A
2026-10-04,S5,A,N
2026-10-04,S6,B,A
2026-10-04,S7,B,M
2026-10-04,S8,B,N
2026-10-04,S9,B,SB
2026-10-04,S10,B,OFF
2026-10-05,S1,A,OFF
2026-10-05,S2,A,M
2026-10-05,S3,A,N
2026-10-05,S4,A,SB
2026-10-05,S5,A,A
2026-10-05,S6,B,SB
2026-10-05,S7,B,N
2026-10-05,S8,B,A
2026-10-05,S9,B,OFF
2026-10-05,S10,B,M
2026-10-06,S1,A,N
2026-10-06,S2,A,SB
2026-10-06,S3,A,OFF
2026-10-06,S4,A,A
2026-10-06,S5,A,M
2026-10-06,S6,B,A
2026-10-06,S7,B,SB
2026-10-06,S8,B,N
2026-10-06,S9,B,M
2026-10-06,S10,B,OFF
2026-10-07,S1,A,A
2026-10-07,S2,A,N
2026-10-07,S3,A,OFF
2026-10-07,S4,A,M
2026-10-07,S5,A,SB
2026-10-07,S6,B,M
2026-10-07,S7,B,N
2026-10-07,S8,B,A
2026-10-07,S9,B,SB
2026-10-07,S10,B,OFF
2026-10-08,S1,A,A
2026-10-08,S2,A,SB
2026-10-08,S3,A,M
2026-10-08,S4,A,OFF
2026-10-08,S5,A,N
2026-10-08,S6,B,A
2026-10-08,S7,B,SB
2026-10-08,S8,B,M
2026-10-08,S9,B,OFF
2026-10-08,S10,B,N
2026-10-09,S1,A,M
2026-10-09,S2,A,SB
2026-10-09,S3,A,N
2026-10-09,S4,A,OFF
2026-10-09,S5,A,A
2026-10-09,S6,B,M
2026-10-09,S7,B,N
2026-10-09,S8,B,OFF
2026-10-09,S9,B,A
2026-10-09,S10,B,SB
2026-10-10,S1,A,OFF
2026-10-10,S2,A,N
2026-10-10,S3,A,SB
2026-10-10,S4,A,M
2026-10-10,S5,A,A
2026-10-10,S6,B,N
2026-10-10,S7,B,A
2026-10-10,S8,B,OFF
2026-10-10,S9,B,M
2026-10-10,S10,B,SB
2026-10-11,S1,A,OFF
2026-10-11,S2,A,A
2026-10-11,S3,A,SB
2026-10-11,S4,A,N
2026-10-11,S5,A,M
2026-10-11,S6,B,SB
2026-10-11,S7,B,N
2026-10-11,S8,B,M
2026-10-11,S9,B,A
2026-10-11,S10,B,OFF
2026-10-12,S1,A,M
2026-10-12,S2,A,A
2026-10-12,S3,A,OFF
2026-10-12,S4,A,SB
2026-10-12,S5,A,N
2026-10-12,S6,B,OFF
2026-10-12,S7,B,SB
2026-10-12,S8,B,A
2026-10-12,S9,B,N
2026-10-12,S10,B,M
2026-10-13,S1,A,N
2026-10-13,S2,A,A
2026-10-13,S3,A,M
2026-10-13,S4,A,OFF
2026-10-13,S5,A,SB
2026-10-13,S6,B,OFF
2026-10-13,S7,B,SB
2026-10-13,S8,B,M
2026-10-13,S9,B,A
2026-10-13,S10,B,N
2026-10-14,S1,A,SB
2026-10-14,S2,A,N
2026-10-14,S3,A,A
2026-10-14,S4,A,M
2026-10-14,S5,A,OFF
2026-10-14,S6,B,M
2026-10-14,S7,B,A
2026-10-14,S8,B,SB
2026-10-14,S9,B,OFF
2026-10-14,S10,B,N
2026-10-15,S1,A,A
2026-10-15,S2,A,N
2026-10-15,S3,A,M
2026-10-15,S4,A,OFF
2026-10-15,S5,A,SB
2026-10-15,S6,B,M
2026-10-15,S7,B,N
2026-10-15,S8,B,A
2026-10-15,S9,B,OFF
2026-10-15,S10,B,SB
2026-10-16,S1,A,N
2026-10-16,S2,A,SB
2026-10-16,S3,A,M
2026-10-16,S4,A,OFF
2026-10-16,S5,A,A
2026-10-16,S6,B,M
2026-10-16,S7,B,OFF
2026-10-16,S8,B,N
2026-10-16,S9,B,A
2026-10-16,S10,B,SB
2026-10-17,S1,A,SB
2026-10-17,S2,A,OFF
2026-10-17,S3,A,N
2026-10-17,S4,A,A
2026-10-17,S5,A,M
2026-10-17,S6,B,M
2026-10-17,S7,B,OFF
2026-10-17,S8,B,SB
2026-10-17,S9,B,N
2026-10-17,S10,B,A
2026-10-18,S1,A,N
2026-10-18,S2,A,OFF
2026-10-18,S3,A,A
2026-10-18,S4,A,M
2026-10-18,S5,A,SB
2026-10-18,S6,B,N
2026-10-18,S7,B,M
2026-10-18,S8,B,OFF
2026-10-18,S9,B,A
2026-10-18,S10,B,SB
2026-10-19,S1,A,A
2026-10-19,S2,A,N
2026-10-19,S3,A,SB
2026-10-19,S4,A,M
2026-10-19,S5,A,OFF
2026-10-19,S6,B,OFF
2026-10-19,S7,B,M
2026-10-19,S8,B,SB
2026-10-19,S9,B,N
2026-10-19,S10,B,A
2026-10-20,S1,A,N
2026-10-20,S2,A,SB
2026-10-20,S3,A,OFF
2026-10-20,S4,A,A
2026-10-20,S5,A,M
2026-10-20,S6,B,OFF
2026-10-20,S7,B,M
2026-10-20,S8,B,N
2026-10-20,S9,B,SB
2026-10-20,S10,B,A
2026-10-21,S1,A,A
2026-10-21,S2,A,OFF
2026-10-21,S3,A,M
2026-10-21,S4,A,N
2026-10-21,S5,A,SB
2026-10-21,S6,B,OFF
2026-10-21,S7,B,M
2026-10-21,S8,B,N
2026-10-21,S9,B,A
2026-10-21,S10,B,SB
2026-10-22,S1,A,M
2026-10-22,S2,A,A
2026-10-22,S3,A,OFF
2026-10-22,S4,A,SB
2026-10-22,S5,A,N
2026-10-22,S6,B,A
2026-10-22,S7,B,N
2026-10-22,S8,B,OFF
2026-10-22,S9,B,M
2026-10-22,S10,B,SB
2026-10-23,S1,A,SB
2026-10-23,S2,A,M
2026-10-23,S3,A,OFF
2026-10-23,S4,A,N
2026-10-23,S5,A,A
2026-10-23,S6,B,N
2026-10-23,S7,B,SB
2026-10-23,S8,B,M
2026-10-23,S9,B,OFF
2026-10-23,S10,B,A
2026-10-24,S1,A,N
2026-10-24,S2,A,M
2026-10-24,S3,A,OFF
2026-10-24,S4,A,A
2026-10-24,S5,A,SB
2026-10-24,S6,B,A
2026-10-24,S7,B,OFF
2026-10-24,S8,B,M
2026-10-24,S9,B,SB
2026-10-24,S10,B,N
2026-10-25,S1,A,A
2026-10-25,S2,A,N
2026-10-25,S3,A,OFF
2026-10-25,S4,A,M
2026-10-25,S5,A,SB
2026-10-25,S6,B,N
2026-10-25,S7,B,M
2026-10-25,S8,B,A
2026-10-25,S9,B,OFF
2026-10-25,S10,B,SB
2026-10-26,S1,A,N
2026-10-26,S2,A,A
2026-10-26,S3,A,M
2026-10-26,S4,A,SB
2026-10-26,S5,A,OFF
2026-10-26,S6,B,SB
2026-10-26,S7,B,A
2026-10-26,S8,B,OFF
2026-10-26,S9,B,M
2026-10-26,S10,B,N
2026-10-27,S1,A,OFF
2026-10-27,S2,A,SB
2026-10-27,S3,A,M
2026-10-27,S4,A,N
2026-10-27,S5,A,A
2026-10-27,S6,B,A
2026-10-27,S7,B,M
2026-10-27,S8,B,OFF
2026-10-27,S9,B,SB
2026-10-27,S10,B,N
2026-10-28,S1,A,OFF
2026-10-28,S2,A,SB
2026-10-28,S3,A,N
2026-10-28,S4,A,A
2026-10-28,S5,A,M
2026-10-28,S6,B,M
2026-10-28,S7,B,SB
2026-10-28,S8,B,A
2026-10-28,S9,B,N
2026-10-28,S10,B,OFF
2026-10-29,S1,A,A
2026-10-29,S2,A,OFF
2026-10-29,S3,A,SB
2026-10-29,S4,A,N
2026-10-29,S5,A,M
2026-10-29,S6,B,SB
2026-10-29,S7,B,A
2026-10-29,S8,B,M
2026-10-29,S9,B,N
2026-10-29,S10,B,OFF
2026-10-30,S1,A,N
2026-10-30,S2,A,SB
2026-10-30,S3,A,OFF
2026-10-30,S4,A,A
2026-10-30,S5,A,M
2026-10-30,S6,B,SB
2026-10-30,S7,B,A
2026-10-30,S8,B,N
2026-10-30,S9,B,OFF
2026-10-30,S10,B,M
2026-10-31,S1,A,A
2026-10-31,S2,A,SB
2026-10-31,S3,A,M
2026-10-31,S4,A,OFF
2026-10-31,S5,A,N
2026-10-31,S6,B,OFF
2026-10-31,S7,B,N
2026-10-31,S8,B,A
2026-10-31,S9,B,M
2026-10-31,S10,B,SB
2026-11-01,S1,A,M
2026-11-01,S2,A,N
2026-11-01,S3,A,A
2026-11-01,S4,A,OFF
2026-11-01,S5,A,SB
2026-11-01,S6,B,OFF
2026-11-01,S7,B,SB
2026-11-01,S8,B,M
2026-11-01,S9,B,N
2026-11-01,S10,B,A
2026-11-02,S1,A,M
2026-11-02,S2,A,OFF
2026-11-02,S3,A,N
2026-11-02,S4,A,SB
2026-11-02,S5,A,A
2026-11-02,S6,B,N
2026-11-02,S7,B,OFF
2026-11-02,S8,B,M
2026-11-02,S9,B,SB
2026-11-02,S10,B,A
2026-11-03,S1,A,M
2026-11-03,S2,A,OFF
2026-11-03,S3,A,SB
2026-11-03,S4,A,A
2026-11-03,S5,A,N
2026-11-03,S6,B,A
2026-11-03,S7,B,SB
2026-11-03,S8,B,OFF
2026-11-03,S9,B,N
2026-11-03,S10,B,M
2026-11-04,S1,A,SB
2026-11-04,S2,A,M
2026-11-04,S3,A,N
2026-11-04,S4,A,A
2026-11-04,S5,A,OFF
2026-11-04,S6,B,M
2026-11-04,S7,B,N
2026-11-04,S8,B,OFF
2026-11-04,S9,B,SB
2026-11-04,S10,B,A
2026-11-05,S1,A,N
2026-11-05,S2,A,SB
2026-11-05,S3,A,A
2026-11-05,S4,A,M
2026-11-05,S5,A,OFF
2026-11-05,S6,B,N
2026-11-05,S7,B,A
2026-11-05,S8,B,SB
2026-11-05,S9,B,OFF
2026-11-05,S10,B,M
2026-11-06,S1,A,A
2026-11-06,S2,A,N
2026-11-06,S3,A,OFF
2026-11-06,S4,A,SB
2026-11-06,S5,A,M
2026-11-06,S6,B,SB
2026-11-06,S7,B,A
2026-11-06,S8,B,N
2026-11-06,S9,B,M
2026-11-06,S10,B,OFF
2026-11-07,S1,A,M
2026-11-07,S2,A,A
2026-11-07,S3,A,SB
2026-11-07,S4,A,N
2026-11-07,S5,A,OFF
2026-11-07,S6,B,OFF
2026-11-07,S7,B,N
2026-11-07,S8,B,SB
2026-11-07,S9,B,A
2026-11-07,S10,B,M
2026-11-08,S1,A,A
2026-11-08,S2,A,M
2026-11-08,S3,A,SB
2026-11-08,S4,A,N
2026-11-08,S5,A,OFF
2026-11-08,S6,B,OFF
2026-11-08,S7,B,N
2026-11-08,S8,B,SB
2026-11-08,S9,B,A
2026-11-08,S10,B,M
2026-11-09,S1,A,N
2026-11-09,S2,A,M
2026-11-09,S3,A,A
2026-11-09,S4,A,SB
2026-11-09,S5,A,OFF
2026-11-09,S6,B,M
2026-11-09,S7,B,OFF
2026-11-09,S8,B,N
2026-11-09,S9,B,SB
2026-11-09,S10,B,A
2026-11-10,S1,A,A
2026-11-10,S2,A,N
2026-11-10,S3,A,OFF
2026-11-10,S4,A,SB
2026-11-10,S5,A,M
2026-11-10,S6,B,N
2026-11-10,S7,B,A
2026-11-10,S8,B,SB
2026-11-10,S9,B,OFF
2026-11-10,S10,B,M
2026-11-11,S1,A,SB
2026-11-11,S2,A,A
2026-11-11,S3,A,OFF
2026-11-11,S4,A,N
2026-11-11,S5,A,M
2026-11-11,S6,B,SB
2026-11-11,S7,B,OFF
2026-11-11,S8,B,A
2026-11-11,S9,B,M
2026-11-11,S10,B,N
2026-11-12,S1,A,A
2026-11-12,S2,A,SB
2026-11-12,S3,A,M
2026-11-12,S4,A,N
2026-11-12,S5,A,OFF
2026-11-12,S6,B,N
2026-11-12,S7,B,OFF
2026-11-12,S8,B,M
2026-11-12,S9,B,A
2026-11-12,S10,B,SB
2026-11-13,S1,A,M
2026-11-13,S2,A,A
2026-11-13,S3,A,N
2026-11-13,S4,A,OFF
2026-11-13,S5,A,SB
2026-11-13,S6,B,A
2026-11-13,S7,B,M
2026-11-13,S8,B,SB
2026-11-13,S9,B,N
2026-11-13,S10,B,OFF
2026-11-14,S1,A,A
2026-11-14,S2,A,M
2026-11-14,S3,A,SB
2026-11-14,S4,A,N
2026-11-14,S5,A,OFF
2026-11-14,S6,B,OFF
2026-11-14,S7,B,N
2026-11-14,S8,B,SB
2026-11-14,S9,B,A
2026-11-14,S10,B,M
2026-11-15,S1,A,N
2026-11-15,S2,A,A
2026-11-15,S3,A,OFF
2026-11-15,S4,A,SB
2026-11-15,S5,A,M
2026-11-15,S6,B,OFF
2026-11-15,S7,B,A
2026-11-15,S8,B,SB
2026-11-15,S9,B,N
2026-11-15,S10,B,M
2026-11-16,S1,A,OFF
2026-11-16,S2,A,N
2026-11-16,S3,A,SB
2026-11-16,S4,A,A
2026-11-16,S5,A,M
2026-11-16,S6,B,M
2026-11-16,S7,B,N
2026-11-16,S8,B,SB
2026-11-16,S9,B,OFF
2026-11-16,S10,B,A
2026-11-17,S1,A,OFF
2026-11-17,S2,A,SB
2026-11-17,S3,A,N
2026-11-17,S4,A,A
2026-11-17,S5,A,M
2026-11-17,S6,B,M
2026-11-17,S7,B,SB
2026-11-17,S8,B,A
2026-11-17,S9,B,OFF
2026-11-17,S10,B,N
2026-11-18,S1,A,M
2026-11-18,S2,A,OFF
2026-11-18,S3,A,A
2026-11-18,S4,A,N
2026-11-18,S5,A,SB
2026-11-18,S6,B,M
2026-11-18,S7,B,A
2026-11-18,S8,B,SB
2026-11-18,S9,B,OFF
2026-11-18,S10,B,N
2026-11-19,S1,A,M
2026-11-19,S2,A,A
2026-11-19,S3,A,N
2026-11-19,S4,A,SB
2026-11-19,S5,A,OFF
2026-11-19,S6,B,SB
2026-11-19,S7,B,M
2026-11-19,S8,B,A
2026-11-19,S9,B,N
2026-11-19,S10,B,OFF
2026-11-20,S1,A,OFF
2026-11-20,S2,A,A
2026-11-20,S3,A,SB
2026-11-20,S4,A,N
2026-11-20,S5,A,M
2026-11-20,S6,B,SB
2026-11-20,S7,B,A
2026-11-20,S8,B,M
2026-11-20,S9,B,N
2026-11-20,S10,B,OFF
2026-11-21,S1,A,OFF
2026-11-21,S2,A,M
2026-11-21,S3,A,SB
2026-11-21,S4,A,A
2026-11-21,S5,A,N
2026-11-21,S6,B,A
2026-11-21,S7,B,OFF
2026-11-21,S8,B,M
2026-11-21,S9,B,SB
2026-11-21,S10,B,N
2026-11-22,S1,A,OFF
2026-11-22,S2,A,SB
2026-11-22,S3,A,A
2026-11-22,S4,A,M
2026-11-22,S5,A,N
2026-11-22,S6,B,A
2026-11-22,S7,B,OFF
2026-11-22,S8,B,M
2026-11-22,S9,B,SB
2026-11-22,S10,B,N
2026-11-23,S1,A,M
2026-11-23,S2,A,A
2026-11-23,S3,A,OFF
2026-11-23,S4,A,N
2026-11-23,S5,A,SB
2026-11-23,S6,B,A
2026-11-23,S7,B,M
2026-11-23,S8,B,N
2026-11-23,S9,B,OFF
2026-11-23,S10,B,SB
2026-11-24,S1,A,A
2026-11-24,S2,A,M
2026-11-24,S3,A,SB
2026-11-24,S4,A,N
2026-11-24,S5,A,OFF
2026-11-24,S6,B,M
2026-11-24,S7,B,SB
2026-11-24,S8,B,N
2026-11-24,S9,B,OFF
2026-11-24,S10,B,A
2026-11-25,S1,A,N
2026-11-25,S2,A,A
2026-11-25,S3,A,SB
2026-11-25,S4,A,OFF
2026-11-25,S5,A,M
2026-11-25,S6,B,SB
2026-11-25,S7,B,A
2026-11-25,S8,B,OFF
2026-11-25,S9,B,N
2026-11-25,S10,B,M
2026-11-26,S1,A,SB
2026-11-26,S2,A,N
2026-11-26,S3,A,OFF
2026-11-26,S4,A,M
2026-11-26,S5,A,A
2026-11-26,S6,B,SB
2026-11-26,S7,B,M
2026-11-26,S8,B,N
2026-11-26,S9,B,A
2026-11-26,S10,B,OFF
2026-11-27,S1,A,SB
2026-11-27,S2,A,N
2026-11-27,S3,A,OFF
2026-11-27,S4,A,M
2026-11-27,S5,A,A
2026-11-27,S6,B,A
2026-11-27,S7,B,N
2026-11-27,S8,B,OFF
2026-11-27,S9,B,M
2026-11-27,S10,B,SB
2026-11-28,S1,A,SB
2026-11-28,S2,A,OFF
2026-11-28,S3,A,A
2026-11-28,S4,A,M
2026-11-28,S5,A,N
2026-11-28,S6,B,M
2026-11-28,S7,B,A
2026-11-28,S8,B,OFF
2026-11-28,S9,B,N
2026-11-28,S10,B,SB
2026-11-29,S1,A,OFF
2026-11-29,S2,A,SB
2026-11-29,S3,A,M
2026-11-29,S4,A,N
2026-11-29,S5,A,A
2026-11-29,S6,B,M
2026-11-29,S7,B,A
2026-11-29,S8,B,OFF
2026-11-29,S9,B,N
2026-11-29,S10,B,SB
2026-11-30,S1,A,M
2026-11-30,S2,A,N
2026-11-30,S3,A,OFF
2026-11-30,S4,A,A
2026-11-30,S5,A,SB
2026-11-30,S6,B,A
2026-11-30,S7,B,M
2026-11-30,S8,B,OFF
2026-11-30,S9,B,SB
2026-11-30,S10,B,N
2026-12-01,S1,A,M
2026-12-01,S2,A,SB
2026-12-01,S3,A,OFF
2026-12-01,S4,A,A
2026-12-01,S5,A,N
2026-12-01,S6,B,A
2026-12-01,S7,B,OFF
2026-12-01,S8,B,M
2026-12-01,S9,B,SB
2026-12-01,S10,B,N
2026-12-02,S1,A,A
2026-12-02,S2,A,N
2026-12-02,S3,A,M
2026-12-02,S4,A,SB
2026-12-02,S5,A,OFF
2026-12-02,S6,B,M
2026-12-02,S7,B,OFF
2026-12-02,S8,B,N
2026-12-02,S9,B,A
2026-12-02,S10,B,SB
2026-12-03,S1,A,SB
2026-12-03,S2,A,A
2026-12-03,S3,A,M
2026-12-03,S4,A,N
2026-12-03,S5,A,OFF
2026-12-03,S6,B,SB
2026-12-03,S7,B,OFF
2026-12-03,S8,B,A
2026-12-03,S9,B,M
2026-12-03,S10,B,N
2026-12-04,S1,A,OFF
2026-12-04,S2,A,A
2026-12-04,S3,A,SB
2026-12-04,S4,A,N
2026-12-04,S5,A,M
2026-12-04,S6,B,SB
2026-12-04,S7,B,N
2026-12-04,S8,B,M
2026-12-04,S9,B,A
2026-12-04,S10,B,OFF
2026-12-05,S1,A,A
2026-12-05,S2,A,M
2026-12-05,S3,A,SB
2026-12-05,S4,A,OFF
2026-12-05,S5,A,N
2026-12-05,S6,B,N
2026-12-05,S7,B,A
2026-12-05,S8,B,M
2026-12-05,S9,B,OFF
2026-12-05,S10,B,SB
2026-12-06,S1,A,A
2026-12-06,S2,A,M
2026-12-06,S3,A,N
2026-12-06,S4,A,OFF
2026-12-06,S5,A,SB
2026-12-06,S6,B,A
2026-12-06,S7,B,SB
2026-12-06,S8,B,M
2026-12-06,S9,B,OFF
2026-12-06,S10,B,N
2026-12-07,S1,A,M
2026-12-07,S2,A,N
2026-12-07,S3,A,A
2026-12-07,S4,A,SB
2026-12-07,S5,A,OFF
2026-12-07,S6,B,M
2026-12-07,S7,B,A
2026-12-07,S8,B,SB
2026-12-07,S9,B,N
2026-12-07,S10,B,OFF
2026-12-08,S1,A,N
2026-12-08,S2,A,OFF
2026-12-08,S3,A,SB
2026-12-08,S4,A,A
2026-12-08,S5,A,M
2026-12-08,S6,B,M
2026-12-08,S7,B,A
2026-12-08,S8,B,N
2026-12-08,S9,B,OFF
2026-12-08,S10,B,SB
2026-12-09,S1,A,N
2026-12-09,S2,A,SB
2026-12-09,S3,A,A
2026-12-09,S4,A,OFF
2026-12-09,S5,A,M
2026-12-09,S6,B,N
2026-12-09,S7,B,M
2026-12-09,S8,B,SB
2026-12-09,S9,B,OFF
2026-12-09,S10,B,A
2026-12-10,S1,A,SB
2026-12-10,S2,A,A
2026-12-10,S3,A,M
2026-12-10,S4,A,OFF
2026-12-10,S5,A,N
2026-12-10,S6,B,OFF
2026-12-10,S7,B,SB
2026-12-10,S8,B,A
2026-12-10,S9,B,M
2026-12-10,S10,B,N
2026-12-11,S1,A,N
2026-12-11,S2,A,M
2026-12-11,S3,A,SB
2026-12-11,S4,A,OFF
2026-12-11,S5,A,A
2026-12-11,S6,B,SB
2026-12-11,S7,B,N
2026-12-11,S8,B,M
2026-12-11,S9,B,A
2026-12-11,S10,B,OFF
2026-12-12,S1,A,SB
2026-12-12,S2,A,N
2026-12-12,S3,A,A
2026-12-12,S4,A,OFF
2026-12-12,S5,A,M
2026-12-12,S6,B,N
2026-12-12,S7,B,SB
2026-12-12,S8,B,M
2026-12-12,S9,B,A
2026-12-12,S10,B,OFF
2026-12-13,S1,A,A
2026-12-13,S2,A,SB
2026-12-13,S3,A,N
2026-12-13,S4,A,M
2026-12-13,S5,A,OFF
2026-12-13,S6,B,A
2026-12-13,S7,B,N
2026-12-13,S8,B,M
2026-12-13,S9,B,SB
2026-12-13,S10,B,OFF
2026-12-14,S1,A,SB
2026-12-14,S2,A,N
2026-12-14,S3,A,A
2026-12-14,S4,A,M
2026-12-14,S5,A,OFF
2026-12-14,S6,B,M
2026-12-14,S7,B,N
2026-12-14,S8,B,OFF
2026-12-14,S9,B,A
2026-12-14,S10,B,SB
2026-12-15,S1,A,N
2026-12-15,S2,A,SB
2026-12-15,S3,A,OFF
2026-12-15,S4,A,M
2026-12-15,S5,A,A
2026-12-15,S6,B,A
2026-12-15,S7,B,N
2026-12-15,S8,B,OFF
2026-12-15,S9,B,M
2026-12-15,S10,B,SB
2026-12-16,S1,A,A
2026-12-16,S2,A,SB
2026-12-16,S3,A,OFF
2026-12-16,S4,A,N
2026-12-16,S5,A,M
2026-12-16,S6,B,M
2026-12-16,S7,B,SB
2026-12-16,S8,B,A
2026-12-16,S9,B,N
2026-12-16,S10,B,OFF
2026-12-17,S1,A,OFF
2026-12-17,S2,A,N
2026-12-17,S3,A,M
2026-12-17,S4,A,SB
2026-12-17,S5,A,A
2026-12-17,S6,B,N
2026-12-17,S7,B,A
2026-12-17,S8,B,OFF
2026-12-17,S9,B,SB
2026-12-17,S10,B,M
2026-12-18,S1,A,OFF
2026-12-18,S2,A,SB
2026-12-18,S3,A,A
2026-12-18,S4,A,N
2026-12-18,S5,A,M
2026-12-18,S6,B,OFF
2026-12-18,S7,B,M
2026-12-18,S8,B,SB
2026-12-18,S9,B,A
2026-12-18,S10,B,N
2026-12-19,S1,A,OFF
2026-12-19,S2,A,SB
2026-12-19,S3,A,M
2026-12-19,S4,A,A
2026-12-19,S5,A,N
2026-12-19,S6,B,OFF
2026-12-19,S7,B,N
2026-12-19,S8,B,SB
2026-12-19,S9,B,M
2026-12-19,S10,B,A
2026-12-20,S1,A,OFF
2026-12-20,S2,A,A
2026-12-20,S3,A,M
2026-12-20,S4,A,SB
2026-12-20,S5,A,N
2026-12-20,S6,B,M
2026-12-20,S7,B,OFF
2026-12-20,S8,B,SB
2026-12-20,S9,B,A
2026-12-20,S10,B,N
2026-12-21,S1,A,SB
2026-12-21,S2,A,M
2026-12-21,S3,A,A
2026-12-21,S4,A,N
2026-12-21,S5,A,OFF
2026-12-21,S6,B,M
2026-12-21,S7,B,OFF
2026-12-21,S8,B,A
2026-12-21,S9,B,N
2026-12-21,S10,B,SB
2026-12-22,S1,A,OFF
2026-12-22,S2,A,N
2026-12-22,S3,A,A
2026-12-22,S4,A,SB
2026-12-22,S5,A,M
2026-12-22,S6,B,A
2026-12-22,S7,B,SB
2026-12-22,S8,B,M
2026-12-22,S9,B,OFF
2026-12-22,S10,B,N
2026-12-23,S1,A,SB
2026-12-23,S2,A,A
2026-12-23,S3,A,OFF
2026-12-23,S4,A,N
2026-12-23,S5,A,M
2026-12-23,S6,B,SB
2026-12-23,S7,B,N
2026-12-23,S8,B,M
2026-12-23,S9,B,OFF
2026-12-23,S10,B,A
2026-12-24,S1,A,N
2026-12-24,S2,A,M
2026-12-24,S3,A,OFF
2026-12-24,S4,A,A
2026-12-24,S5,A,SB
2026-12-24,S6,B,OFF
2026-12-24,S7,B,SB
2026-12-24,S8,B,N
2026-12-24,S9,B,M
2026-12-24,S10,B,A
2026-12-25,S1,A,SB
2026-12-25,S2,A,A
2026-12-25,S3,A,M
2026-12-25,S4,A,N
2026-12-25,S5,A,OFF
2026-12-25,S6,B,N
2026-12-25,S7,B,OFF
2026-12-25,S8,B,SB
2026-12-25,S9,B,M
2026-12-25,S10,B,A
2026-12-26,S1,A,A
2026-12-26,S2,A,OFF
2026-12-26,S3,A,M
2026-12-26,S4,A,SB
2026-12-26,S5,A,N
2026-12-26,S6,B,SB
2026-12-26,S7,B,A
2026-12-26,S8,B,OFF
2026-12-26,S9,B,N
2026-12-26,S10,B,M
2026-12-27,S1,A,M
2026-12-27,S2,A,OFF
2026-12-27,S3,A,A
2026-12-27,S4,A,N
2026-12-27,S5,A,SB
2026-12-27,S6,B,A
2026-12-27,S7,B,M
2026-12-27,S8,B,N
2026-12-27,S9,B,OFF
2026-12-27,S10,B,SB
2026-12-28,S1,A,N
2026-12-28,S2,A,M
2026-12-28,S3,A,OFF
2026-12-28,S4,A,A
2026-12-28,S5,A,SB
2026-12-28,S6,B,N
2026-12-28,S7,B,M
2026-12-28,S8,B,A
2026-12-28,S9,B,SB
2026-12-28,S10,B,OFF
2026-12-29,S1,A,SB
2026-12-29,S2,A,N
2026-12-29,S3,A,OFF
2026-12-29,S4,A,M
2026-12-29,S5,A,A
2026-12-29,S6,B,A
2026-12-29,S7,B,M
2026-12-29,S8,B,SB
2026-12-29,S9,B,N
2026-12-29,S10,B,OFF
2026-12-30,S1,A,A
2026-12-30,S2,A,OFF
2026-12-30,S3,A,N
2026-12-30,S4,A,SB
2026-12-30,S5,A,M
2026-12-30,S6,B,N
2026-12-30,S7,B,SB
2026-12-30,S8,B,OFF
2026-12-30,S9,B,A
2026-12-30,S10,B,M
2026-12-31,S1,A,M
2026-12-31,S2,A,SB
2026-12-31,S3,A,OFF
2026-12-31,S4,A,N
2026-12-31,S5,A,A
2026-12-31,S6,B,SB
2026-12-31,S7,B,N
2026-12-31,S8,B,A
2026-12-31,S9,B,OFF
2026-12-31,S10,B,M
2027-01-01,S1,A,M
2027-01-01,S2,A,N
2027-01-01,S3,A,OFF
2027-01-01,S4,A,A
2027-01-01,S5,A,SB
2027-01-01,S6,B,A
2027-01-01,S7,B,OFF
2027-01-01,S8,B,N
2027-01-01,S9,B,SB
2027-01-01,S10,B,M
2027-01-02,S1,A,A
2027-01-02,S2,A,SB
2027-01-02,S3,A,OFF
2027-01-02,S4,A,M
2027-01-02,S5,A,N
2027-01-02,S6,B,N
2027-01-02,S7,B,SB
2027-01-02,S8,B,A
2027-01-02,S9,B,OFF
2027-01-02,S10,B,M
2027-01-03,S1,A,M
2027-01-03,S2,A,SB
2027-01-03,S3,A,OFF
2027-01-03,S4,A,N
2027-01-03,S5,A,A
2027-01-03,S6,B,A
2027-01-03,S7,B,SB
2027-01-03,S8,B,M
2027-01-03,S9,B,OFF
2027-01-03,S10,B,N
2027-01-04,S1,A,OFF
2027-01-04,S2,A,N
2027-01-04,S3,A,A
2027-01-04,S4,A,SB
2027-01-04,S5,A,M
2027-01-04,S6,B,M
2027-01-04,S7,B,N
2027-01-04,S8,B,OFF
2027-01-04,S9,B,A
2027-01-04,S10,B,SB
2027-01-05,S1,A,OFF
2027-01-05,S2,A,SB
2027-01-05,S3,A,N
2027-01-05,S4,A,A
2027-01-05,S5,A,M
2027-01-05,S6,B,M
2027-01-05,S7,B,N
2027-01-05,S8,B,SB
2027-01-05,S9,B,A
2027-01-05,S10,B,OFF
2027-01-06,S1,A,OFF
2027-01-06,S2,A,A
2027-01-06,S3,A,SB
2027-01-06,S4,A,M
2027-01-06,S5,A,N
2027-01-06,S6,B,SB
2027-01-06,S7,B,OFF
2027-01-06,S8,B,N
2027-01-06,S9,B,A
2027-01-06,S10,B,M
2027-01-07,S1,A,M
2027-01-07,S2,A,OFF
2027-01-07,S3,A,N
2027-01-07,S4,A,A
2027-01-07,S5,A,SB
2027-01-07,S6,B,SB
2027-01-07,S7,B,OFF
2027-01-07,S8,B,N
2027-01-07,S9,B,A
2027-01-07,S10,B,M
2027-01-08,S1,A,A
2027-01-08,S2,A,OFF
2027-01-08,S3,A,SB
2027-01-08,S4,A,M
2027-01-08,S5,A,N
2027-01-08,S6,B,OFF
2027-01-08,S7,B,N
2027-01-08,S8,B,SB
2027-01-08,S9,B,A
2027-01-08,S10,B,M
2027-01-09,S1,A,A
2027-01-09,S2,A,M
2027-01-09,S3,A,SB
2027-01-09,S4,A,OFF
2027-01-09,S5,A,N
2027-01-09,S6,B,OFF
2027-01-09,S7,B,A
2027-01-09,S8,B,N
2027-01-09,S9,B,SB
2027-01-09,S10,B,M
2027-01-10,S1,A,M
2027-01-10,S2,A,N
2027-01-10,S3,A,A
2027-01-10,S4,A,OFF
2027-01-10,S5,A,SB
2027-01-10,S6,B,N
2027-01-10,S7,B,A
2027-01-10,S8,B,OFF
2027-01-10,S9,B,SB
2027-01-10,S10,B,M
2027-01-11,S1,A,SB
2027-01-11,S2,A,A
2027-01-11,S3,A,N
2027-01-11,S4,A,M
2027-01-11,S5,A,OFF
2027-01-11,S6,B,A
2027-01-11,S7,B,M
2027-01-11,S8,B,OFF
2027-01-11,S9,B,N
2027-01-11,S10,B,SB
2027-01-12,S1,A,A
2027-01-12,S2,A,M
2027-01-12,S3,A,SB
2027-01-12,S4,A,OFF
2027-01-12,S5,A,N
2027-01-12,S6,B,N
2027-01-12,S7,B,A
2027-01-12,S8,B,M
2027-01-12,S9,B,OFF
2027-01-12,S10,B,SB
2027-01-13,S1,A,M
2027-01-13,S2,A,SB
2027-01-13,S3,A,N
2027-01-13,S4,A,OFF
2027-01-13,S5,A,A
2027-01-13,S6,B,A
2027-01-13,S7,B,M
2027-01-13,S8,B,N
2027-01-13,S9,B,OFF
2027-01-13,S10,B,SB
2027-01-14,S1,A,M
2027-01-14,S2,A,OFF
2027-01-14,S3,A,A
2027-01-14,S4,A,SB
2027-01-14,S5,A,N
2027-01-14,S6,B,A
2027-01-14,S7,B,OFF
2027-01-14,S8,B,SB
2027-01-14,S9,B,M
2027-01-14,S10,B,N
2027-01-15,S1,A,N
2027-01-15,S2,A,M
2027-01-15,S3,A,A
2027-01-15,S4,A,OFF
2027-01-15,S5,A,SB
2027-01-15,S6,B,SB
2027-01-15,S7,B,OFF
2027-01-15,S8,B,N
2027-01-15,S9,B,M
2027-01-15,S10,B,A
2027-01-16,S1,A,SB
2027-01-16,S2,A,M
2027-01-16,S3,A,N
2027-01-16,S4,A,A
2027-01-16,S5,A,OFF
2027-01-16,S6,B,SB
2027-01-16,S7,B,OFF
2027-01-16,S8,B,A
2027-01-16,S9,B,N
2027-01-16,S10,B,M
2027-01-17,S1,A,N
2027-01-17,S2,A,A
2027-01-17,S3,A,SB
2027-01-17,S4,A,M
2027-01-17,S5,A,OFF
2027-01-17,S6,B,OFF
2027-01-17,S7,B,N
2027-01-17,S8,B,M
2027-01-17,S9,B,SB
2027-01-17,S10,B,A
2027-01-18,S1,A,SB
2027-01-18,S2,A,A
2027-01-18,S3,A,OFF
2027-01-18,S4,A,M
2027-01-18,S5,A,N
2027-01-18,S6,B,M
2027-01-18,S7,B,OFF
2027-01-18,S8,B,SB
2027-01-18,S9,B,A
2027-01-18,S10,B,N
2027-01-19,S1,A,OFF
2027-01-19,S2,A,N
2027-01-19,S3,A,SB
2027-01-19,S4,A,M
2027-01-19,S5,A,A
2027-01-19,S6,B,A
2027-01-19,S7,B,OFF
2027-01-19,S8,B,N
2027-01-19,S9,B,M
2027-01-19,S10,B,SB
2027-01-20,S1,A,M
2027-01-20,S2,A,SB
2027-01-20,S3,A,N
2027-01-20,S4,A,OFF
2027-01-20,S5,A,A
2027-01-20,S6,B,N
2027-01-20,S7,B,SB
2027-01-20,S8,B,A
2027-01-20,S9,B,M
2027-01-20,S10,B,OFF
2027-01-21,S1,A,M
2027-01-21,S2,A,N
2027-01-21,S3,A,SB
2027-01-21,S4,A,OFF
2027-01-21,S5,A,A
2027-01-21,S6,B,SB
2027-01-21,S7,B,OFF
2027-01-21,S8,B,A
2027-01-21,S9,B,N
2027-01-21,S10,B,M
2027-01-22,S1,A,SB
2027-01-22,S2,A,A
2027-01-22,S3,A,N
2027-01-22,S4,A,OFF
2027-01-22,S5,A,M
2027-01-22,S6,B,OFF
2027-01-22,S7,B,N
2027-01-22,S8,B,SB
2027-01-22,S9,B,A
2027-01-22,S10,B,M
2027-01-23,S1,A,N
2027-01-23,S2,A,SB
2027-01-23,S3,A,A
2027-01-23,S4,A,M
2027-01-23,S5,A,OFF
2027-01-23,S6,B,OFF
2027-01-23,S7,B,A
2027-01-23,S8,B,N
2027-01-23,S9,B,M
2027-01-23,S10,B,SB
2027-01-24,S1,A,A
2027-01-24,S2,A,OFF
2027-01-24,S3,A,N
2027-01-24,S4,A,M
2027-01-24,S5,A,SB
2027-01-24,S6,B,OFF
2027-01-24,S7,B,M
2027-01-24,S8,B,A
2027-01-24,S9,B,SB
2027-01-24,S10,B,N
2027-01-25,S1,A,N
2027-01-25,S2,A,OFF
2027-01-25,S3,A,SB
2027-01-25,S4,A,M
2027-01-25,S5,A,A
2027-01-25,S6,B,OFF
2027-01-25,S7,B,SB
2027-01-25,S8,B,M
2027-01-25,S9,B,N
2027-01-25,S10,B,A
2027-01-26,S1,A,SB
2027-01-26,S2,A,N
2027-01-26,S3,A,A
2027-01-26,S4,A,M
2027-01-26,S5,A,OFF
2027-01-26,S6,B,M
2027-01-26,S7,B,OFF
2027-01-26,S8,B,A
2027-01-26,S9,B,SB
2027-01-26,S10,B,N
2027-01-27,S1,A,A
2027-01-27,S2,A,SB
2027-01-27,S3,A,N
2027-01-27,S4,A,M
2027-01-27,S5,A,OFF
2027-01-27,S6,B,N
2027-01-27,S7,B,M
2027-01-27,S8,B,SB
2027-01-27,S9,B,OFF
2027-01-27,S10,B,A
2027-01-28,S1,A,M
2027-01-28,S2,A,A
2027-01-28,S3,A,SB
2027-01-28,S4,A,OFF
2027-01-28,S5,A,N
2027-01-28,S6,B,SB
2027-01-28,S7,B,M
2027-01-28,S8,B,N
2027-01-28,S9,B,OFF
2027-01-28,S10,B,A
2027-01-29,S1,A,M
2027-01-29,S2,A,A
2027-01-29,S3,A,N
2027-01-29,S4,A,OFF
2027-01-29,S5,A,SB
2027-01-29,S6,B,A
2027-01-29,S7,B,OFF
2027-01-29,S8,B,N
2027-01-29,S9,B,M
2027-01-29,S10,B,SB
2027-01-30,S1,A,N
2027-01-30,S2,A,M
2027-01-30,S3,A,A
2027-01-30,S4,A,OFF
2027-01-30,S5,A,SB
2027-01-30,S6,B,N
2027-01-30,S7,B,OFF
2027-01-30,S8,B,SB
2027-01-30,S9,B,M
2027-01-30,S10,B,A
2027-01-31,S1,A,SB
2027-01-31,S2,A,N
2027-01-31,S3,A,A
2027-01-31,S4,A,M
2027-01-31,S5,A,OFF
2027-01-31,S6,B,SB
2027-01-31,S7,B,OFF
2027-01-31,S8,B,A
2027-01-31,S9,B,N
2027-01-31,S10,B,M
2027-02-01,S1,A,A
2027-02-01,S2,A,SB
2027-02-01,S3,A,N
2027-02-01,S4,A,M
2027-02-01,S5,A,OFF
2027-02-01,S6,B,OFF
2027-02-01,S7,B,N
2027-02-01,S8,B,M
2027-02-01,S9,B,SB
2027-02-01,S10,B,A
2027-02-02,S1,A,M
2027-02-02,S2,A,OFF
2027-02-02,S3,A,SB
2027-02-02,S4,A,N
2027-02-02,S5,A,A
2027-02-02,S6,B,M
2027-02-02,S7,B,SB
2027-02-02,S8,B,N
2027-02-02,S9,B,OFF
2027-02-02,S10,B,A
2027-02-03,S1,A,M
2027-02-03,S2,A,N
2027-02-03,S3,A,SB
2027-02-03,S4,A,OFF
2027-02-03,S5,A,A
2027-02-03,S6,B,SB
2027-02-03,S7,B,OFF
2027-02-03,S8,B,A
2027-02-03,S9,B,M
2027-02-03,S10,B,N
2027-02-04,S1,A,M
2027-02-04,S2,A,A
2027-02-04,S3,A,SB
2027-02-04,S4,A,OFF
2027-02-04,S5,A,N
2027-02-04,S6,B,N
2027-02-04,S7,B,OFF
2027-02-04,S8,B,A
2027-02-04,S9,B,M
2027-02-04,S10,B,SB
2027-02-05,S1,A,M
2027-02-05,S2,A,SB
2027-02-05,S3,A,N
2027-02-05,S4,A,OFF
2027-02-05,S5,A,A
2027-02-05,S6,B,A
2027-02-05,S7,B,OFF
2027-02-05,S8,B,M
2027-02-05,S9,B,SB
2027-02-05,S10,B,N
2027-02-06,S1,A,OFF
2027-02-06,S2,A,SB
2027-02-06,S3,A,A
2027-02-06,S4,A,N
2027-02-06,S5,A,M
2027-02-06,S6,B,M
2027-02-06,S7,B,A
2027-02-06,S8,B,OFF
2027-02-06,S9,B,N
2027-02-06,S10,B,SB
2027-02-07,S1,A,OFF
2027-02-07,S2,A,A
2027-02-07,S3,A,N
2027-02-07,S4,A,SB
2027-02-07,S5,A,M
2027-02-07,S6,B,A
2027-02-07,S7,B,M
2027-02-07,S8,B,OFF
2027-02-07,S9,B,SB
2027-02-07,S10,B,N
2027-02-08,S1,A,OFF
2027-02-08,S2,A,M
2027-02-08,S3,A,N
2027-02-08,S4,A,A
2027-02-08,S5,A,SB
2027-02-08,S6,B,N
2027-02-08,S7,B,M
2027-02-08,S8,B,OFF
2027-02-08,S9,B,SB
2027-02-08,S10,B,A
2027-02-09,S1,A,SB
2027-02-09,S2,A,N
2027-02-09,S3,A,OFF
2027-02-09,S4,A,M
2027-02-09,S5,A,A
2027-02-09,S6,B,N
2027-02-09,S7,B,OFF
2027-02-09,S8,B,SB
2027-02-09,S9,B,A
2027-02-09,S10,B,M
2027-02-10,S1,A,N
2027-02-10,S2,A,SB
2027-02-10,S3,A,OFF
2027-02-10,S4,A,M
2027-02-10,S5,A,A
2027-02-10,S6,B,SB
2027-02-10,S7,B,OFF
2027-02-10,S8,B,A
2027-02-10,S9,B,M
2027-02-10,S10,B,N
2027-02-11,S1,A,N
2027-02-11,S2,A,SB
2027-02-11,S3,A,OFF
2027-02-11,S4,A,M
2027-02-11,S5,A,A
2027-02-11,S6,B,A
2027-02-11,S7,B,M
2027-02-11,S8,B,SB
2027-02-11,S9,B,N
2027-02-11,S10,B,OFF
2027-02-12,S1,A,SB
2027-02-12,S2,A,OFF
2027-02-12,S3,A,N
2027-02-12,S4,A,A
2027-02-12,S5,A,M
2027-02-12,S6,B,N
2027-02-12,S7,B,M
2027-02-12,S8,B,OFF
2027-02-12,S9,B,A
2027-02-12,S10,B,SB
2027-02-13,S1,A,A
2027-02-13,S2,A,N
2027-02-13,S3,A,OFF
2027-02-13,S4,A,M
2027-02-13,S5,A,SB
2027-02-13,S6,B,A
2027-02-13,S7,B,M
2027-02-13,S8,B,SB
2027-02-13,S9,B,OFF
2027-02-13,S10,B,N
2027-02-14,S1,A,M
2027-02-14,S2,A,N
2027-02-14,S3,A,SB
2027-02-14,S4,A,OFF
2027-02-14,S5,A,A
2027-02-14,S6,B,M
2027-02-14,S7,B,N
2027-02-14,S8,B,A
2027-02-14,S9,B,OFF
2027-02-14,S10,B,SB
2027-02-15,S1,A,A
2027-02-15,S2,A,OFF
2027-02-15,S3,A,N
2027-02-15,S4,A,SB
2027-02-15,S5,A,M
2027-02-15,S6,B,M
2027-02-15,S7,B,SB
2027-02-15,S8,B,N
2027-02-15,S9,B,A
2027-02-15,S10,B,OFF
2027-02-16,S1,A,OFF
2027-02-16,S2,A,N
2027-02-16,S3,A,A
2027-02-16,S4,A,SB
2027-02-16,S5,A,M
2027-02-16,S6,B,M
2027-02-16,S7,B,SB
2027-02-16,S8,B,A
2027-02-16,S9,B,OFF
2027-02-16,S10,B,N
2027-02-17,S1,A,SB
2027-02-17,S2,A,OFF
2027-02-17,S3,A,M
2027-02-17,S4,A,N
2027-02-17,S5,A,A
2027-02-17,S6,B,SB
2027-02-17,S7,B,N
2027-02-17,S8,B,M
2027-02-17,S9,B,OFF
2027-02-17,S10,B,A
2027-02-18,S1,A,N
2027-02-18,S2,A,OFF
2027-02-18,S3,A,M
2027-02-18,S4,A,A
2027-02-18,S5,A,SB
2027-02-18,S6,B,N
2027-02-18,S7,B,SB
2027-02-18,S8,B,OFF
2027-02-18,S9,B,M
2027-02-18,S10,B,A
2027-02-19,S1,A,A
2027-02-19,S2,A,SB
2027-02-19,S3,A,N
2027-02-19,S4,A,M
2027-02-19,S5,A,OFF
2027-02-19,S6,B,A
2027-02-19,S7,B,SB
2027-02-19,S8,B,OFF
2027-02-19,S9,B,N
2027-02-19,S10,B,M
2027-02-20,S1,A,N
2027-02-20,S2,A,OFF
2027-02-20,S3,A,SB
2027-02-20,S4,A,A
2027-02-20,S5,A,M
2027-02-20,S6,B,M
2027-02-20,S7,B,N
2027-02-20,S8,B,A
2027-02-20,S9,B,SB
2027-02-20,S10,B,OFF
2027-02-21,S1,A,N
2027-02-21,S2,A,A
2027-02-21,S3,A,OFF
2027-02-21,S4,A,SB
2027-02-21,S5,A,M
2027-02-21,S6,B,A
2027-02-21,S7,B,N
2027-02-21,S8,B,M
2027-02-21,S9,B,SB
2027-02-21,S10,B,OFF
2027-02-22,S1,A,SB
2027-02-22,S2,A,A
2027-02-22,S3,A,OFF
2027-02-22,S4,A,N
2027-02-22,S5,A,M
2027-02-22,S6,B,A
2027-02-22,S7,B,OFF
2027-02-22,S8,B,M
2027-02-22,S9,B,N
2027-02-22,S10,B,SB
2027-02-23,S1,A,A
2027-02-23,S2,A,N
2027-02-23,S3,A,M
2027-02-23,S4,A,OFF
2027-02-23,S5,A,SB
2027-02-23,S6,B,SB
2027-02-23,S7,B,M
2027-02-23,S8,B,N
2027-02-23,S9,B,OFF
2027-02-23,S10,B,A
2027-02-24,S1,A,M
2027-02-24,S2,A,OFF
2027-02-24,S3,A,A
2027-02-24,S4,A,SB
2027-02-24,S5,A,N
2027-02-24,S6,B,N
2027-02-24,S7,B,M
2027-02-24,S8,B,A
2027-02-24,S9,B,OFF
2027-02-24,S10,B,SB
2027-02-25,S1,A,M
2027-02-25,S2,A,OFF
2027-02-25,S3,A,SB
2027-02-25,S4,A,N
2027-02-25,S5,A,A
2027-02-25,S6,B,SB
2027-02-25,S7,B,M
2027-02-25,S8,B,N
2027-02-25,S9,B,OFF
2027-02-25,S10,B,A
2027-02-26,S1,A,M
2027-02-26,S2,A,OFF
2027-02-26,S3,A,N
2027-02-26,S4,A,A
2027-02-26,S5,A,SB
2027-02-26,S6,B,A
2027-02-26,S7,B,N
2027-02-26,S8,B,OFF
2027-02-26,S9,B,SB
2027-02-26,S10,B,M
2027-02-27,S1,A,OFF
2027-02-27,S2,A,SB
2027-02-27,S3,A,A
2027-02-27,S4,A,M
2027-02-27,S5,A,N
2027-02-27,S6,B,A
2027-02-27,S7,B,SB
2027-02-27,S8,B,OFF
2027-02-27,S9,B,N
2027-02-27,S10,B,M
2027-02-28,S1,A,OFF
2027-02-28,S2,A,N
2027-02-28,S3,A,SB
2027-02-28,S4,A,M
2027-02-28,S5,A,A
2027-02-28,S6,B,A
2027-02-28,S7,B,OFF
2027-02-28,S8,B,M
2027-02-28,S9,B,SB
2027-02-28,S10,B,N
2027-03-01,S1,A,M
2027-03-01,S2,A,N
2027-03-01,S3,A,OFF
2027-03-01,S4,A,SB
2027-03-01,S5,A,A
2027-03-01,S6,B,A
2027-03-01,S7,B,M
2027-03-01,S8,B,SB
2027-03-01,S9,B,N
2027-03-01,S10,B,OFF
2027-03-02,S1,A,M
2027-03-02,S2,A,OFF
2027-03-02,S3,A,N
2027-03-02,S4,A,SB
2027-03-02,S5,A,A
2027-03-02,S6,B,N
2027-03-02,S7,B,M
2027-03-02,S8,B,OFF
2027-03-02,S9,B,A
2027-03-02,S10,B,SB
2027-03-03,S1,A,OFF
2027-03-03,S2,A,M
2027-03-03,S3,A,A
2027-03-03,S4,A,SB
2027-03-03,S5,A,N
2027-03-03,S6,B,N
2027-03-03,S7,B,A
2027-03-03,S8,B,M
2027-03-03,S9,B,SB
2027-03-03,S10,B,OFF
2027-03-04,S1,A,OFF
2027-03-04,S2,A,SB
2027-03-04,S3,A,M
2027-03-04,S4,A,N
2027-03-04,S5,A,A
2027-03-04,S6,B,OFF
2027-03-04,S7,B,A
2027-03-04,S8,B,N
2027-03-04,S9,B,SB
2027-03-04,S10,B,M
2027-03-05,S1,A,M
2027-03-05,S2,A,OFF
2027-03-05,S3,A,N
2027-03-05,S4,A,A
2027-03-05,S5,A,SB
2027-03-05,S6,B,OFF
2027-03-05,S7,B,A
2027-03-05,S8,B,SB
2027-03-05,S9,B,N
2027-03-05,S10,B,M
2027-03-06,S1,A,A
2027-03-06,S2,A,OFF
2027-03-06,S3,A,SB
2027-03-06,S4,A,M
2027-03-06,S5,A,N
2027-03-06,S6,B,N
2027-03-06,S7,B,SB
2027-03-06,S8,B,OFF
2027-03-06,S9,B,A
2027-03-06,S10,B,M
2027-03-07,S1,A,M
2027-03-07,S2,A,OFF
2027-03-07,S3,A,A
2027-03-07,S4,A,N
2027-03-07,S5,A,SB
2027-03-07,S6,B,SB
2027-03-07,S7,B,OFF
2027-03-07,S8,B,A
2027-03-07,S9,B,M
2027-03-07,S10,B,N
2027-03-08,S1,A,N
2027-03-08,S2,A,A
2027-03-08,S3,A,M
2027-03-08,S4,A,SB
2027-03-08,S5,A,OFF
2027-03-08,S6,B,OFF
2027-03-08,S7,B,N
2027-03-08,S8,B,SB
2027-03-08,S9,B,M
2027-03-08,S10,B,A
2027-03-09,S1,A,OFF
2027-03-09,S2,A,M
2027-03-09,S3,A,A
2027-03-09,S4,A,N
2027-03-09,S5,A,SB
2027-03-09,S6,B,M
2027-03-09,S7,B,SB
2027-03-09,S8,B,OFF
2027-03-09,S9,B,A
2027-03-09,S10,B,N
2027-03-10,S1,A,SB
2027-03-10,S2,A,N
2027-03-10,S3,A,M
2027-03-10,S4,A,A
2027-03-10,S5,A,OFF
2027-03-10,S6,B,A
2027-03-10,S7,B,SB
2027-03-10,S8,B,M
2027-03-10,S9,B,N
2027-03-10,S10,B,OFF
2027-03-11,S1,A,N
2027-03-11,S2,A,OFF
2027-03-11,S3,A,M
2027-03-11,S4,A,A
2027-03-11,S5,A,SB
2027-03-11,S6,B,M
2027-03-11,S7,B,A
2027-03-11,S8,B,N
2027-03-11,S9,B,OFF
2027-03-11,S10,B,SB
2027-03-12,S1,A,SB
2027-03-12,S2,A,OFF
2027-03-12,S3,A,M
2027-03-12,S4,A,A
2027-03-12,S5,A,N
2027-03-12,S6,B,SB
2027-03-12,S7,B,M
2027-03-12,S8,B,A
2027-03-12,S9,B,OFF
2027-03-12,S10,B,N
2027-03-13,S1,A,SB
2027-03-13,S2,A,M
2027-03-13,S3,A,OFF
2027-03-13,S4,A,A
2027-03-13,S5,A,N
2027-03-13,S6,B,OFF
2027-03-13,S7,B,N
2027-03-13,S8,B,M
2027-03-13,S9,B,SB
2027-03-13,S10,B,A
2027-03-14,S1,A,SB
2027-03-14,S2,A,M
2027-03-14,S3,A,OFF
2027-03-14,S4,A,A
2027-03-14,S5,A,N
2027-03-14,S6,B,OFF
2027-03-14,S7,B,SB
2027-03-14,S8,B,M
2027-03-14,S9,B,A
2027-03-14,S10,B,N
2027-03-15,S1,A,A
2027-03-15,S2,A,M
2027-03-15,S3,A,N
2027-03-15,S4,A,SB
2027-03-15,S5,A,OFF
2027-03-15,S6,B,OFF
2027-03-15,S7,B,N
2027-03-15,S8,B,SB
2027-03-15,S9,B,M
2027-03-15,S10,B,A
2027-03-16,S1,A,M
2027-03-16,S2,A,A
2027-03-16,S3,A,SB
2027-03-16,S4,A,OFF
2027-03-16,S5,A,N
2027-03-16,S6,B,OFF
2027-03-16,S7,B,A
2027-03-16,S8,B,N
2027-03-16,S9,B,SB
2027-03-16,S10,B,M
2027-03-17,S1,A,A
2027-03-17,S2,A,N
2027-03-17,S3,A,OFF
2027-03-17,S4,A,M
2027-03-17,S5,A,SB
2027-03-17,S6,B,SB
2027-03-17,S7,B,M
2027-03-17,S8,B,OFF
2027-03-17,S9,B,N
2027-03-17,S10,B,A
2027-03-18,S1,A,N
2027-03-18,S2,A,SB
2027-03-18,S3,A,M
2027-03-18,S4,A,OFF
2027-03-18,S5,A,A
2027-03-18,S6,B,N
2027-03-18,S7,B,M
2027-03-18,S8,B,SB
2027-03-18,S9,B,A
2027-03-18,S10,B,OFF
2027-03-19,S1,A,A
2027-03-19,S2,A,OFF
2027-03-19,S3,A,N
2027-03-19,S4,A,SB
2027-03-19,S5,A,M
2027-03-19,S6,B,A
2027-03-19,S7,B,OFF
2027-03-19,S8,B,N
2027-03-19,S9,B,M
2027-03-19,S10,B,SB
2027-03-20,S1,A,SB
2027-03-20,S2,A,M
2027-03-20,S3,A,A
2027-03-20,S4,A,OFF
2027-03-20,S5,A,N
2027-03-20,S6,B,A
2027-03-20,S7,B,OFF
2027-03-20,S8,B,N
2027-03-20,S9,B,M
2027-03-20,S10,B,SB
2027-03-21,S1,A,SB
2027-03-21,S2,A,M
2027-03-21,S3,A,A
2027-03-21,S4,A,OFF
2027-03-21,S5,A,N
2027-03-21,S6,B,SB
2027-03-21,S7,B,M
2027-03-21,S8,B,OFF
2027-03-21,S9,B,A
2027-03-21,S10,B,N
2027-03-22,S1,A,A
2027-03-22,S2,A,M
2027-03-22,S3,A,OFF
2027-03-22,S4,A,N
2027-03-22,S5,A,SB
2027-03-22,S6,B,A
2027-03-22,S7,B,OFF
2027-03-22,S8,B,M
2027-03-22,S9,B,SB
2027-03-22,S10,B,N
2027-03-23,S1,A,N
2027-03-23,S2,A,M
2027-03-23,S3,A,OFF
2027-03-23,S4,A,A
2027-03-23,S5,A,SB
2027-03-23,S6,B,N
2027-03-23,S7,B,SB
2027-03-23,S8,B,M
2027-03-23,S9,B,A
2027-03-23,S10,B,OFF
2027-03-24,S1,A,SB
2027-03-24,S2,A,OFF
2027-03-24,S3,A,N
2027-03-24,S4,A,M
2027-03-24,S5,A,A
2027-03-24,S6,B,N
2027-03-24,S7,B,OFF
2027-03-24,S8,B,SB
2027-03-24,S9,B,A
2027-03-24,S10,B,M
2027-03-25,S1,A,A
2027-03-25,S2,A,OFF
2027-03-25,S3,A,SB
2027-03-25,S4,A,M
2027-03-25,S5,A,N
2027-03-25,S6,B,OFF
2027-03-25,S7,B,N
2027-03-25,S8,B,A
2027-03-25,S9,B,SB
2027-03-25,S10,B,M
2027-03-26,S1,A,SB
2027-03-26,S2,A,M
2027-03-26,S3,A,A
2027-03-26,S4,A,N
2027-03-26,S5,A,OFF
2027-03-26,S6,B,M
2027-03-26,S7,B,A
2027-03-26,S8,B,SB
2027-03-26,S9,B,OFF
2027-03-26,S10,B,N
2027-03-27,S1,A,A
2027-03-27,S2,A,N
2027-03-27,S3,A,M
2027-03-27,S4,A,SB
2027-03-27,S5,A,OFF
2027-03-27,S6,B,OFF
2027-03-27,S7,B,A
2027-03-27,S8,B,N
2027-03-27,S9,B,M
2027-03-27,S10,B,SB
2027-03-28,S1,A,N
2027-03-28,S2,A,A
2027-03-28,S3,A,M
2027-03-28,S4,A,SB
2027-03-28,S5,A,OFF
2027-03-28,S6,B,OFF
2027-03-28,S7,B,N
2027-03-28,S8,B,SB
2027-03-28,S9,B,M
2027-03-28,S10,B,A
2027-03-29,S1,A,A
2027-03-29,S2,A,SB
2027-03-29,S3,A,M
2027-03-29,S4,A,OFF
2027-03-29,S5,A,N
2027-03-29,S6,B,A
2027-03-29,S7,B,SB
2027-03-29,S8,B,N
2027-03-29,S9,B,M
2027-03-29,S10,B,OFF
2027-03-30,S1,A,SB
2027-03-30,S2,A,A
2027-03-30,S3,A,M
2027-03-30,S4,A,OFF
2027-03-30,S5,A,N
2027-03-30,S6,B,N
2027-03-30,S7,B,OFF
2027-03-30,S8,B,A
2027-03-30,S9,B,M
2027-03-30,S10,B,SB
2027-03-31,S1,A,OFF
2027-03-31,S2,A,A
2027-03-31,S3,A,N
2027-03-31,S4,A,M
2027-03-31,S5,A,SB
2027-03-31,S6,B,SB
2027-03-31,S7,B,OFF
2027-03-31,S8,B,M
2027-03-31,S9,B,A
2027-03-31,S10,B,N
2027-04-01,S1,A,M
2027-04-01,S2,A,A
2027-04-01,S3,A,OFF
2027-04-01,S4,A,N
2027-04-01,S5,A,SB
2027-04-01,S6,B,N
2027-04-01,S7,B,OFF
2027-04-01,S8,B,SB
2027-04-01,S9,B,M
2027-04-01,S10,B,A
2027-04-02,S1,A,M
2027-04-02,S2,A,N
2027-04-02,S3,A,SB
2027-04-02,S4,A,A
2027-04-02,S5,A,OFF
2027-04-02,S6,B,A
2027-04-02,S7,B,OFF
2027-04-02,S8,B,N
2027-04-02,S9,B,SB
2027-04-02,S10,B,M
2027-04-03,S1,A,A
2027-04-03,S2,A,SB
2027-04-03,S3,A,N
2027-04-03,S4,A,M
2027-04-03,S5,A,OFF
2027-04-03,S6,B,OFF
2027-04-03,S7,B,M
2027-04-03,S8,B,SB
2027-04-03,S9,B,A
2027-04-03,S10,B,N
2027-04-04,S1,A,N
2027-04-04,S2,A,A
2027-04-04,S3,A,OFF
2027-04-04,S4,A,SB
2027-04-04,S5,A,M
2027-04-04,S6,B,OFF
2027-04-04,S7,B,A
2027-04-04,S8,B,N
2027-04-04,S9,B,M
2027-04-04,S10,B,SB
2027-04-05,S1,A,OFF
2027-04-05,S2,A,M
2027-04-05,S3,A,SB
2027-04-05,S4,A,A
2027-04-05,S5,A,N
2027-04-05,S6,B,OFF
2027-04-05,S7,B,M
2027-04-05,S8,B,A
2027-04-05,S9,B,SB
2027-04-05,S10,B,N
2027-04-06,S1,A,OFF
2027-04-06,S2,A,N
2027-04-06,S3,A,A
2027-04-06,S4,A,M
2027-04-06,S5,A,SB
2027-04-06,S6,B,OFF
2027-04-06,S7,B,SB
2027-04-06,S8,B,M
2027-04-06,S9,B,N
2027-04-06,S10,B,A
2027-04-07,S1,A,N
2027-04-07,S2,A,OFF
2027-04-07,S3,A,M
2027-04-07,S4,A,SB
2027-04-07,S5,A,A
2027-04-07,S6,B,N
2027-04-07,S7,B,A
2027-04-07,S8,B,OFF
2027-04-07,S9,B,SB
2027-04-07,S10,B,M
2027-04-08,S1,A,A
2027-04-08,S2,A,SB
2027-04-08,S3,A,N
2027-04-08,S4,A,OFF
2027-04-08,S5,A,M
2027-04-08,S6,B,OFF
2027-04-08,S7,B,A
2027-04-08,S8,B,SB
2027-04-08,S9,B,N
2027-04-08,S10,B,M
2027-04-09,S1,A,A
2027-04-09,S2,A,OFF
2027-04-09,S3,A,N
2027-04-09,S4,A,SB
2027-04-09,S5,A,M
2027-04-09,S6,B,OFF
2027-04-09,S7,B,A
2027-04-09,S8,B,N
2027-04-09,S9,B,SB
2027-04-09,S10,B,M
2027-04-10,S1,A,A
2027-04-10,S2,A,M
2027-04-10,S3,A,OFF
2027-04-10,S4,A,N
2027-04-10,S5,A,SB
2027-04-10,S6,B,M
2027-04-10,S7,B,OFF
2027-04-10,S8,B,SB
2027-04-10,S9,B,N
2027-04-10,S10,B,A
2027-04-11,S1,A,A
2027-04-11,S2,A,N
2027-04-11,S3,A,M
2027-04-11,S4,A,SB
2027-04-11,S5,A,OFF
2027-04-11,S6,B,M
2027-04-11,S7,B,OFF
2027-04-11,S8,B,A
2027-04-11,S9,B,N
2027-04-11,S10,B,SB
2027-04-12,S1,A,OFF
2027-04-12,S2,A,SB
2027-04-12,S3,A,N
2027-04-12,S4,A,A
2027-04-12,S5,A,M
2027-04-12,S6,B,M
2027-04-12,S7,B,N
2027-04-12,S8,B,A
2027-04-12,S9,B,SB
2027-04-12,S10,B,OFF
2027-04-13,S1,A,OFF
2027-04-13,S2,A,A
2027-04-13,S3,A,SB
2027-04-13,S4,A,M
2027-04-13,S5,A,N
2027-04-13,S6,B,SB
2027-04-13,S7,B,OFF
2027-04-13,S8,B,N
2027-04-13,S9,B,A
2027-04-13,S10,B,M
2027-04-14,S1,A,OFF
2027-04-14,S2,A,A
2027-04-14,S3,A,N
2027-04-14,S4,A,M
2027-04-14,S5,A,SB
2027-04-14,S6,B,OFF
2027-04-14,S7,B,SB
2027-04-14,S8,B,A
2027-04-14,S9,B,N
2027-04-14,S10,B,M
2027-04-15,S1,A,OFF
2027-04-15,S2,A,M
2027-04-15,S3,A,SB
2027-04-15,S4,A,N
2027-04-15,S5,A,A
2027-04-15,S6,B,SB
2027-04-15,S7,B,OFF
2027-04-15,S8,B,N
2027-04-15,S9,B,A
2027-04-15,S10,B,M
2027-04-16,S1,A,M
2027-04-16,S2,A,N
2027-04-16,S3,A,OFF
2027-04-16,S4,A,SB
2027-04-16,S5,A,A
2027-04-16,S6,B,N
2027-04-16,S7,B,OFF
2027-04-16,S8,B,A
2027-04-16,S9,B,SB
2027-04-16,S10,B,M
2027-04-17,S1,A,M
2027-04-17,S2,A,OFF
2027-04-17,S3,A,N
2027-04-17,S4,A,A
2027-04-17,S5,A,SB
2027-04-17,S6,B,A
2027-04-17,S7,B,M
2027-04-17,S8,B,OFF
2027-04-17,S9,B,SB
2027-04-17,S10,B,N
2027-04-18,S1,A,M
2027-04-18,S2,A,OFF
2027-04-18,S3,A,A
2027-04-18,S4,A,SB
2027-04-18,S5,A,N
2027-04-18,S6,B,M
2027-04-18,S7,B,N
2027-04-18,S8,B,OFF
2027-04-18,S9,B,A
2027-04-18,S10,B,SB
2027-04-19,S1,A,M
2027-04-19,S2,A,A
2027-04-19,S3,A,SB
2027-04-19,S4,A,N
2027-04-19,S5,A,OFF
2027-04-19,S6,B,N
2027-04-19,S7,B,SB
2027-04-19,S8,B,A
2027-04-19,S9,B,M
2027-04-19,S10,B,OFF
2027-04-20,S1,A,N
2027-04-20,S2,A,M
2027-04-20,S3,A,OFF
2027-04-20,S4,A,A
2027-04-20,S5,A,SB
2027-04-20,S6,B,N
2027-04-20,S7,B,A
2027-04-20,S8,B,OFF
2027-04-20,S9,B,SB
2027-04-20,S10,B,M
2027-04-21,S1,A,OFF
2027-04-21,S2,A,N
2027-04-21,S3,A,M
2027-04-21,S4,A,A
2027-04-21,S5,A,SB
2027-04-21,S6,B,SB
2027-04-21,S7,B,N
2027-04-21,S8,B,OFF
2027-04-21,S9,B,A
2027-04-21,S10,B,M
2027-04-22,S1,A,SB
2027-04-22,S2,A,A
2027-04-22,S3,A,M
2027-04-22,S4,A,N
2027-04-22,S5,A,OFF
2027-04-22,S6,B,A
2027-04-22,S7,B,SB
2027-04-22,S8,B,OFF
2027-04-22,S9,B,N
2027-04-22,S10,B,M
2027-04-23,S1,A,OFF
2027-04-23,S2,A,SB
2027-04-23,S3,A,M
2027-04-23,S4,A,N
2027-04-23,S5,A,A
2027-04-23,S6,B,A
2027-04-23,S7,B,N
2027-04-23,S8,B,SB
2027-04-23,S9,B,OFF
2027-04-23,S10,B,M
2027-04-24,S1,A,M
2027-04-24,S2,A,A
2027-04-24,S3,A,N
2027-04-24,S4,A,OFF
2027-04-24,S5,A,SB
2027-04-24,S6,B,M
2027-04-24,S7,B,SB
2027-04-24,S8,B,N
2027-04-24,S9,B,OFF
2027-04-24,S10,B,A
2027-04-25,S1,A,A
2027-04-25,S2,A,N
2027-04-25,S3,A,SB
2027-04-25,S4,A,M
2027-04-25,S5,A,OFF
2027-04-25,S6,B,M
2027-04-25,S7,B,N
2027-04-25,S8,B,A
2027-04-25,S9,B,OFF
2027-04-25,S10,B,SB
2027-04-26,S1,A,N
2027-04-26,S2,A,A
2027-04-26,S3,A,OFF
2027-04-26,S4,A,SB
2027-04-26,S5,A,M
2027-04-26,S6,B,N
2027-04-26,S7,B,SB
2027-04-26,S8,B,M
2027-04-26,S9,B,A
2027-04-26,S10,B,OFF
2027-04-27,S1,A,SB
2027-04-27,S2,A,A
2027-04-27,S3,A,OFF
2027-04-27,S4,A,N
2027-04-27,S5,A,M
2027-04-27,S6,B,SB
2027-04-27,S7,B,A
2027-04-27,S8,B,N
2027-04-27,S9,B,M
2027-04-27,S10,B,OFF
2027-04-28,S1,A,SB
2027-04-28,S2,A,A
2027-04-28,S3,A,M
2027-04-28,S4,A,OFF
2027-04-28,S5,A,N
2027-04-28,S6,B,A
2027-04-28,S7,B,SB
2027-04-28,S8,B,N
2027-04-28,S9,B,OFF
2027-04-28,S10,B,M
2027-04-29,S1,A,OFF
2027-04-29,S2,A,N
2027-04-29,S3,A,M
2027-04-29,S4,A,SB
2027-04-29,S5,A,A
2027-04-29,S6,B,M
2027-04-29,S7,B,N
2027-04-29,S8,B,SB
2027-04-29,S9,B,OFF
2027-04-29,S10,B,A
2027-04-30,S1,A,OFF
2027-04-30,S2,A,SB
2027-04-30,S3,A,N
2027-04-30,S4,A,A
2027-04-30,S5,A,M
2027-04-30,S6,B,M
2027-04-30,S7,B,A
2027-04-30,S8,B,OFF
2027-04-30,S9,B,N
2027-04-30,S10,B,SB
2027-05-01,S1,A,OFF
2027-05-01,S2,A,N
2027-05-01,S3,A,SB
2027-05-01,S4,A,A
2027-05-01,S5,A,M
2027-05-01,S6,B,M
2027-05-01,S7,B,N
2027-05-01,S8,B,SB
2027-05-01,S9,B,A
2027-05-01,S10,B,OFF
2027-05-02,S1,A,M
2027-05-02,S2,A,A
2027-05-02,S3,A,SB
2027-05-02,S4,A,N
2027-05-02,S5,A,OFF
2027-05-02,S6,B,M
2027-05-02,S7,B,SB
2027-05-02,S8,B,A
2027-05-02,S9,B,N
2027-05-02,S10,B,OFF
2027-05-03,S1,A,N
2027-05-03,S2,A,M
2027-05-03,S3,A,OFF
2027-05-03,S4,A,A
2027-05-03,S5,A,SB
2027-05-03,S6,B,SB
2027-05-03,S7,B,A
2027-05-03,S8,B,M
2027-05-03,S9,B,N
2027-05-03,S10,B,OFF
2027-05-04,S1,A,SB
2027-05-04,S2,A,A
2027-05-04,S3,A,OFF
2027-05-04,S4,A,M
2027-05-04,S5,A,N
2027-05-04,S6,B,N
2027-05-04,S7,B,A
2027-05-04,S8,B,M
2027-05-04,S9,B,OFF
2027-05-04,S10,B,SB
2027-05-05,S1,A,A
2027-05-05,S2,A,M
2027-05-05,S3,A,OFF
2027-05-05,S4,A,SB
2027-05-05,S5,A,N
2027-05-05,S6,B,N
2027-05-05,S7,B,M
2027-05-05,S8,B,A
2027-05-05,S9,B,OFF
2027-05-05,S10,B,SB
2027-05-06,S1,A,M
2027-05-06,S2,A,SB
2027-05-06,S3,A,A
2027-05-06,S4,A,N
2027-05-06,S5,A,OFF
2027-05-06,S6,B,OFF
2027-05-06,S7,B,A
2027-05-06,S8,B,M
2027-05-06,S9,B,SB
2027-05-06,S10,B,N
2027-05-07,S1,A,SB
2027-05-07,S2,A,OFF
2027-05-07,S3,A,N
2027-05-07,S4,A,A
2027-05-07,S5,A,M
2027-05-07,S6,B,M
2027-05-07,S7,B,OFF
2027-05-07,S8,B,N
2027-05-07,S9,B,A
2027-05-07,S10,B,SB
2027-05-08,S1,A,OFF
2027-05-08,S2,A,SB
2027-05-08,S3,A,A
2027-05-08,S4,A,N
2027-05-08,S5,A,M
2027-05-08,S6,B,N
2027-05-08,S7,B,SB
2027-05-08,S8,B,OFF
2027-05-08,S9,B,M
2027-05-08,S10,B,A
2027-05-09,S1,A,OFF
2027-05-09,S2,A,SB
2027-05-09,S3,A,N
2027-05-09,S4,A,A
2027-05-09,S5,A,M
2027-05-09,S6,B,SB
2027-05-09,S7,B,N
2027-05-09,S8,B,OFF
2027-05-09,S9,B,M
2027-05-09,S10,B,A
2027-05-10,S1,A,SB
2027-05-10,S2,A,N
2027-05-10,S3,A,OFF
2027-05-10,S4,A,M
2027-05-10,S5,A,A
2027-05-10,S6,B,N
2027-05-10,S7,B,SB
2027-05-10,S8,B,OFF
2027-05-10,S9,B,A
2027-05-10,S10,B,M
2027-05-11,S1,A,OFF
2027-05-11,S2,A,A
2027-05-11,S3,A,SB
2027-05-11,S4,A,N
2027-05-11,S5,A,M
2027-05-11,S6,B,SB
2027-05-11,S7,B,A
2027-05-11,S8,B,OFF
2027-05-11,S9,B,N
2027-05-11,S10,B,M
2027-05-12,S1,A,A
2027-05-12,S2,A,M
2027-05-12,S3,A,SB
2027-05-12,S4,A,OFF
2027-05-12,S5,A,N
2027-05-12,S6,B,OFF
2027-05-12,S7,B,N
2027-05-12,S8,B,M
2027-05-12,S9,B,SB
2027-05-12,S10,B,A
2027-05-13,S1,A,A
2027-05-13,S2,A,M
2027-05-13,S3,A,N
2027-05-13,S4,A,SB
2027-05-13,S5,A,OFF
2027-05-13,S6,B,M
2027-05-13,S7,B,OFF
2027-05-13,S8,B,N
2027-05-13,S9,B,A
2027-05-13,S10,B,SB
2027-05-14,S1,A,N
2027-05-14,S2,A,M
2027-05-14,S3,A,A
2027-05-14,S4,A,OFF
2027-05-14,S5,A,SB
2027-05-14,S6,B,SB
2027-05-14,S7,B,OFF
2027-05-14,S8,B,A
2027-05-14,S9,B,M
2027-05-14,S10,B,N
2027-05-15,S1,A,SB
2027-05-15,S2,A,OFF
2027-05-15,S3,A,M
2027-05-15,S4,A,N
2027-05-15,S5,A,A
2027-05-15,S6,B,N
2027-05-15,S7,B,M
2027-05-15,S8,B,OFF
2027-05-15,S9,B,SB
2027-05-15,S10,B,A
2027-05-16,S1,A,N
2027-05-16,S2,A,OFF
2027-05-16,S3,A,SB
2027-05-16,S4,A,A
2027-05-16,S5,A,M
2027-05-16,S6,B,SB
2027-05-16,S7,B,M
2027-05-16,S8,B,OFF
2027-05-16,S9,B,A
2027-05-16,S10,B,N
2027-05-17,S1,A,SB
2027-05-17,S2,A,OFF
2027-05-17,S3,A,A
2027-05-17,S4,A,N
2027-05-17,S5,A,M
2027-05-17,S6,B,OFF
2027-05-17,S7,B,A
2027-05-17,S8,B,N
2027-05-17,S9,B,M
2027-05-17,S10,B,SB
2027-05-18,S1,A,OFF
2027-05-18,S2,A,N
2027-05-18,S3,A,M
2027-05-18,S4,A,A
2027-05-18,S5,A,SB
2027-05-18,S6,B,N
2027-05-18,S7,B,M
2027-05-18,S8,B,OFF
2027-05-18,S9,B,SB
2027-05-18,S10,B,A
2027-05-19,S1,A,A
2027-05-19,S2,A,OFF
2027-05-19,S3,A,M
2027-05-19,S4,A,N
2027-05-19,S5,A,SB
2027-05-19,S6,B,OFF
2027-05-19,S7,B,N
2027-05-19,S8,B,SB
2027-05-19,S9,B,A
2027-05-19,S10,B,M
2027-05-20,S1,A,M
2027-05-20,S2,A,SB
2027-05-20,S3,A,N
2027-05-20,S4,A,OFF
2027-05-20,S5,A,A
2027-05-20,S6,B,OFF
2027-05-20,S7,B,A
2027-05-20,S8,B,N
2027-05-20,S9,B,M
2027-05-20,S10,B,SB
2027-05-21,S1,A,N
2027-05-21,S2,A,A
2027-05-21,S3,A,SB
2027-05-21,S4,A,OFF
2027-05-21,S5,A,M
2027-05-21,S6,B,M
2027-05-21,S7,B,OFF
2027-05-21,S8,B,SB
2027-05-21,S9,B,N
2027-05-21,S10,B,A
2027-05-22,S1,A,A
2027-05-22,S2,A,M
2027-05-22,S3,A,OFF
2027-05-22,S4,A,SB
2027-05-22,S5,A,N
2027-05-22,S6,B,M
2027-05-22,S7,B,OFF
2027-05-22,S8,B,N
2027-05-22,S9,B,SB
2027-05-22,S10,B,A
2027-05-23,S1,A,SB
2027-05-23,S2,A,M
2027-05-23,S3,A,OFF
2027-05-23,S4,A,N
2027-05-23,S5,A,A
2027-05-23,S6,B,SB
2027-05-23,S7,B,M
2027-05-23,S8,B,A
2027-05-23,S9,B,OFF
2027-05-23,S10,B,N
2027-05-24,S1,A,N
2027-05-24,S2,A,SB
2027-05-24,S3,A,OFF
2027-05-24,S4,A,A
2027-05-24,S5,A,M
2027-05-24,S6,B,SB
2027-05-24,S7,B,A
2027-05-24,S8,B,M
2027-05-24,S9,B,OFF
2027-05-24,S10,B,N
2027-05-25,S1,A,N
2027-05-25,S2,A,A
2027-05-25,S3,A,OFF
2027-05-25,S4,A,M
2027-05-25,S5,A,SB
2027-05-25,S6,B,N
2027-05-25,S7,B,A
2027-05-25,S8,B,SB
2027-05-25,S9,B,M
2027-05-25,S10,B,OFF
2027-05-26,S1,A,SB
2027-05-26,S2,A,M
2027-05-26,S3,A,OFF
2027-05-26,S4,A,A
2027-05-26,S5,A,N
2027-05-26,S6,B,A
2027-05-26,S7,B,SB
2027-05-26,S8,B,OFF
2027-05-26,S9,B,N
2027-05-26,S10,B,M
2027-05-27,S1,A,OFF
2027-05-27,S2,A,N
2027-05-27,S3,A,A
2027-05-27,S4,A,M
2027-05-27,S5,A,SB
2027-05-27,S6,B,OFF
2027-05-27,S7,B,N
2027-05-27,S8,B,A
2027-05-27,S9,B,SB
2027-05-27,S10,B,M
2027-05-28,S1,A,M
2027-05-28,S2,A,A
2027-05-28,S3,A,N
2027-05-28,S4,A,SB
2027-05-28,S5,A,OFF
2027-05-28,S6,B,OFF
2027-05-28,S7,B,SB
2027-05-28,S8,B,M
2027-05-28,S9,B,A
2027-05-28,S10,B,N
2027-05-29,S1,A,A
2027-05-29,S2,A,N
2027-05-29,S3,A,SB
2027-05-29,S4,A,OFF
2027-05-29,S5,A,M
2027-05-29,S6,B,M
2027-05-29,S7,B,SB
2027-05-29,S8,B,N
2027-05-29,S9,B,A
2027-05-29,S10,B,OFF
2027-05-30,S1,A,M
2027-05-30,S2,A,SB
2027-05-30,S3,A,N
2027-05-30,S4,A,OFF
2027-05-30,S5,A,A
2027-05-30,S6,B,M
2027-05-30,S7,B,N
2027-05-30,S8,B,SB
2027-05-30,S9,B,A
2027-05-30,S10,B,OFF
2027-05-31,S1,A,OFF
2027-05-31,S2,A,N
2027-05-31,S3,A,A
2027-05-31,S4,A,SB
2027-05-31,S5,A,M
2027-05-31,S6,B,N
2027-05-31,S7,B,SB
2027-05-31,S8,B,A
2027-05-31,S9,B,OFF
2027-05-31,S10,B,M
2027-06-01,S1,A,OFF
2027-06-01,S2,A,A
2027-06-01,S3,A,SB
2027-06-01,S4,A,N
2027-06-01,S5,A,M
2027-06-01,S6,B,SB
2027-06-01,S7,B,N
2027-06-01,S8,B,A
2027-06-01,S9,B,OFF
2027-06-01,S10,B,M
2027-06-02,S1,A,M
2027-06-02,S2,A,N
2027-06-02,S3,A,SB
2027-06-02,S4,A,A
2027-06-02,S5,A,OFF
2027-06-02,S6,B,SB
2027-06-02,S7,B,A
2027-06-02,S8,B,OFF
2027-06-02,S9,B,M
2027-06-02,S10,B,N
2027-06-03,S1,A,N
2027-06-03,S2,A,SB
2027-06-03,S3,A,A
2027-06-03,S4,A,M
2027-06-03,S5,A,OFF
2027-06-03,S6,B,OFF
2027-06-03,S7,B,N
2027-06-03,S8,B,SB
2027-06-03,S9,B,M
2027-06-03,S10,B,A
2027-06-04,S1,A,OFF
2027-06-04,S2,A,N
2027-06-04,S3,A,M
2027-06-04,S4,A,SB
2027-06-04,S5,A,A
2027-06-04,S6,B,M
2027-06-04,S7,B,SB
2027-06-04,S8,B,A
2027-06-04,S9,B,N
2027-06-04,S10,B,OFF
2027-06-05,S1,A,M
2027-06-05,S2,A,A
2027-06-05,S3,A,N
2027-06-05,S4,A,SB
2027-06-05,S5,A,OFF
2027-06-05,S6,B,A
2027-06-05,S7,B,N
2027-06-05,S8,B,M
2027-06-05,S9,B,SB
2027-06-05,S10,B,OFF
2027-06-06,S1,A,M
2027-06-06,S2,A,SB
2027-06-06,S3,A,A
2027-06-06,S4,A,N
2027-06-06,S5,A,OFF
2027-06-06,S6,B,A
2027-06-06,S7,B,SB
2027-06-06,S8,B,N
2027-06-06,S9,B,OFF
2027-06-06,S10,B,M
2027-06-07,S1,A,M
2027-06-07,S2,A,A
2027-06-07,S3,A,N
2027-06-07,S4,A,SB
2027-06-07,S5,A,OFF
2027-06-07,S6,B,N
2027-06-07,S7,B,A
2027-06-07,S8,B,SB
2027-06-07,S9,B,M
2027-06-07,S10,B,OFF
2027-06-08,S1,A,N
2027-06-08,S2,A,M
2027-06-08,S3,A,SB
2027-06-08,S4,A,A
2027-06-08,S5,A,OFF
2027-06-08,S6,B,A
2027-06-08,S7,B,M
2027-06-08,S8,B,SB
2027-06-08,S9,B,N
2027-06-08,S10,B,OFF
2027-06-09,S1,A,SB
2027-06-09,S2,A,N
2027-06-09,S3,A,OFF
2027-06-09,S4,A,M
2027-06-09,S5,A,A
2027-06-09,S6,B,SB
2027-06-09,S7,B,M
2027-06-09,S8,B,N
2027-06-09,S9,B,OFF
2027-06-09,S10,B,A
2027-06-10,S1,A,N
2027-06-10,S2,A,OFF
2027-06-10,S3,A,M
2027-06-10,S4,A,A
2027-06-10,S5,A,SB
2027-06-10,S6,B,N
2027-06-10,S7,B,M
2027-06-10,S8,B,SB
2027-06-10,S9,B,OFF
2027-06-10,S10,B,A
2027-06-11,S1,A,SB
2027-06-11,S2,A,OFF
2027-06-11,S3,A,M
2027-06-11,S4,A,A
2027-06-11,S5,A,N
2027-06-11,S6,B,SB
2027-06-11,S7,B,M
2027-06-11,S8,B,OFF
2027-06-11,S9,B,N
2027-06-11,S10,B,A
2027-06-12,S1,A,OFF
2027-06-12,S2,A,N
2027-06-12,S3,A,SB
2027-06-12,S4,A,M
2027-06-12,S5,A,A
2027-06-12,S6,B,OFF
2027-06-12,S7,B,SB
2027-06-12,S8,B,M
2027-06-12,S9,B,A
2027-06-12,S10,B,N
2027-06-13,S1,A,OFF
2027-06-13,S2,A,SB
2027-06-13,S3,A,N
2027-06-13,S4,A,M
2027-06-13,S5,A,A
2027-06-13,S6,B,OFF
2027-06-13,S7,B,SB
2027-06-13,S8,B,M
2027-06-13,S9,B,A
2027-06-13,S10,B,N
2027-06-14,S1,A,M
2027-06-14,S2,A,N
2027-06-14,S3,A,A
2027-06-14,S4,A,SB
2027-06-14,S5,A,OFF
2027-06-14,S6,B,M
2027-06-14,S7,B,A
2027-06-14,S8,B,SB
2027-06-14,S9,B,N
2027-06-14,S10,B,OFF
2027-06-15,S1,A,M
2027-06-15,S2,A,SB
2027-06-15,S3,A,A
2027-06-15,S4,A,N
2027-06-15,S5,A,OFF
2027-06-15,S6,B,OFF
2027-06-15,S7,B,A
2027-06-15,S8,B,N
2027-06-15,S9,B,SB
2027-06-15,S10,B,M
2027-06-16,S1,A,A
2027-06-16,S2,A,OFF
2027-06-16,S3,A,M
2027-06-16,S4,A,SB
2027-06-16,S5,A,N
2027-06-16,S6,B,OFF
2027-06-16,S7,B,M
2027-06-16,S8,B,A
2027-06-16,S9,B,SB
2027-06-16,S10,B,N
2027-06-17,S1,A,SB
2027-06-17,S2,A,M
2027-06-17,S3,A,OFF
2027-06-17,S4,A,N
2027-06-17,S5,A,A
2027-06-17,S6,B,M
2027-06-17,S7,B,A
2027-06-17,S8,B,OFF
2027-06-17,S9,B,N
2027-06-17,S10,B,SB
2027-06-18,S1,A,N
2027-06-18,S2,A,A
2027-06-18,S3,A,OFF
2027-06-18,S4,A,SB
2027-06-18,S5,A,M
2027-06-18,S6,B,SB
2027-06-18,S7,B,M
2027-06-18,S8,B,OFF
2027-06-18,S9,B,A
2027-06-18,S10,B,N
2027-06-19,S1,A,SB
2027-06-19,S2,A,A
2027-06-19,S3,A,OFF
2027-06-19,S4,A,N
2027-06-19,S5,A,M
2027-06-19,S6,B,N
2027-06-19,S7,B,OFF
2027-06-19,S8,B,A
2027-06-19,S9,B,M
2027-06-19,S10,B,SB
2027-06-20,S1,A,OFF
2027-06-20,S2,A,M
2027-06-20,S3,A,N
2027-06-20,S4,A,A
2027-06-20,S5,A,SB
2027-06-20,S6,B,A
2027-06-20,S7,B,OFF
2027-06-20,S8,B,SB
2027-06-20,S9,B,M
2027-06-20,S10,B,N
2027-06-21,S1,A,M
2027-06-21,S2,A,N
2027-06-21,S3,A,SB
2027-06-21,S4,A,A
2027-06-21,S5,A,OFF
2027-06-21,S6,B,N
2027-06-21,S7,B,M
2027-06-21,S8,B,A
2027-06-21,S9,B,SB
2027-06-21,S10,B,OFF
2027-06-22,S1,A,M
2027-06-22,S2,A,A
2027-06-22,S3,A,OFF
2027-06-22,S4,A,SB
2027-06-22,S5,A,N
2027-06-22,S6,B,A
2027-06-22,S7,B,M
2027-06-22,S8,B,SB
2027-06-22,S9,B,N
2027-06-22,S10,B,OFF
2027-06-23,S1,A,N
2027-06-23,S2,A,SB
2027-06-23,S3,A,M
2027-06-23,S4,A,OFF
2027-06-23,S5,A,A
2027-06-23,S6,B,SB
2027-06-23,S7,B,M
2027-06-23,S8,B,N
2027-06-23,S9,B,A
2027-06-23,S10,B,OFF
2027-06-24,S1,A,A
2027-06-24,S2,A,SB
2027-06-24,S3,A,M
2027-06-24,S4,A,OFF
2027-06-24,S5,A,N
2027-06-24,S6,B,A
2027-06-24,S7,B,N
2027-06-24,S8,B,SB
2027-06-24,S9,B,M
2027-06-24,S10,B,OFF
2027-06-25,S1,A,SB
2027-06-25,S2,A,A
2027-06-25,S3,A,N
2027-06-25,S4,A,M
2027-06-25,S5,A,OFF
2027-06-25,S6,B,A
2027-06-25,S7,B,SB
2027-06-25,S8,B,OFF
2027-06-25,S9,B,N
2027-06-25,S10,B,M
2027-06-26,S1,A,N
2027-06-26,S2,A,A
2027-06-26,S3,A,SB
2027-06-26,S4,A,M
2027-06-26,S5,A,OFF
2027-06-26,S6,B,M
2027-06-26,S7,B,SB
2027-06-26,S8,B,OFF
2027-06-26,S9,B,A
2027-06-26,S10,B,N
2027-06-27,S1,A,OFF
2027-06-27,S2,A,M
2027-06-27,S3,A,SB
2027-06-27,S4,A,N
2027-06-27,S5,A,A
2027-06-27,S6,B,M
2027-06-27,S7,B,N
2027-06-27,S8,B,OFF
2027-06-27,S9,B,SB
2027-06-27,S10,B,A
2027-06-28,S1,A,SB
2027-06-28,S2,A,M
2027-06-28,S3,A,A
2027-06-28,S4,A,N
2027-06-28,S5,A,OFF
2027-06-28,S6,B,A
2027-06-28,S7,B,SB
2027-06-28,S8,B,OFF
2027-06-28,S9,B,N
2027-06-28,S10,B,M
2027-06-29,S1,A,N
2027-06-29,S2,A,M
2027-06-29,S3,A,A
2027-06-29,S4,A,SB
2027-06-29,S5,A,OFF
2027-06-29,S6,B,SB
2027-06-29,S7,B,OFF
2027-06-29,S8,B,A
2027-06-29,S9,B,N
2027-06-29,S10,B,M
2027-06-30,S1,A,SB
2027-06-30,S2,A,A
2027-06-30,S3,A,M
2027-06-30,S4,A,N
2027-06-30,S5,A,OFF
2027-06-30,S6,B,N
2027-06-30,S7,B,M
2027-06-30,S8,B,SB
2027-06-30,S9,B,OFF
2027-06-30,S10,B,A
2027-07-01,S1,A,OFF
2027-07-01,S2,A,SB
2027-07-01,S3,A,N
2027-07-01,S4,A,A
2027-07-01,S5,A,M
2027-07-01,S6,B,N
2027-07-01,S7,B,SB
2027-07-01,S8,B,A
2027-07-01,S9,B,M
2027-07-01,S10,B,OFF
2027-07-02,S1,A,A
2027-07-02,S2,A,N
2027-07-02,S3,A,SB
2027-07-02,S4,A,OFF
2027-07-02,S5,A,M
2027-07-02,S6,B,OFF
2027-07-02,S7,B,A
2027-07-02,S8,B,N
2027-07-02,S9,B,M
2027-07-02,S10,B,SB
2027-07-03,S1,A,M
2027-07-03,S2,A,SB
2027-07-03,S3,A,A
2027-07-03,S4,A,OFF
2027-07-03,S5,A,N
2027-07-03,S6,B,M
2027-07-03,S7,B,SB
2027-07-03,S8,B,A
2027-07-03,S9,B,OFF
2027-07-03,S10,B,N
2027-07-04,S1,A,M
2027-07-04,S2,A,OFF
2027-07-04,S3,A,A
2027-07-04,S4,A,SB
2027-07-04,S5,A,N
2027-07-04,S6,B,SB
2027-07-04,S7,B,N
2027-07-04,S8,B,M
2027-07-04,S9,B,OFF
2027-07-04,S10,B,A
2027-07-05,S1,A,A
2027-07-05,S2,A,M
2027-07-05,S3,A,SB
2027-07-05,S4,A,N
2027-07-05,S5,A,OFF
2027-07-05,S6,B,OFF
2027-07-05,S7,B,N
2027-07-05,S8,B,SB
2027-07-05,S9,B,M
2027-07-05,S10,B,A
2027-07-06,S1,A,M
2027-07-06,S2,A,SB
2027-07-06,S3,A,N
2027-07-06,S4,A,OFF
2027-07-06,S5,A,A
2027-07-06,S6,B,M
2027-07-06,S7,B,OFF
2027-07-06,S8,B,A
2027-07-06,S9,B,N
2027-07-06,S10,B,SB
2027-07-07,S1,A,N
2027-07-07,S2,A,SB
2027-07-07,S3,A,A
2027-07-07,S4,A,OFF
2027-07-07,S5,A,M
2027-07-07,S6,B,A
2027-07-07,S7,B,N
2027-07-07,S8,B,M
2027-07-07,S9,B,SB
2027-07-07,S10,B,OFF
2027-07-08,S1,A,SB
2027-07-08,S2,A,N
2027-07-08,S3,A,M
2027-07-08,S4,A,OFF
2027-07-08,S5,A,A
2027-07-08,S6,B,SB
2027-07-08,S7,B,A
2027-07-08,S8,B,OFF
2027-07-08,S9,B,N
2027-07-08,S10,B,M
2027-07-09,S1,A,A
2027-07-09,S2,A,N
2027-07-09,S3,A,M
2027-07-09,S4,A,OFF
2027-07-09,S5,A,SB
2027-07-09,S6,B,A
2027-07-09,S7,B,N
2027-07-09,S8,B,OFF
2027-07-09,S9,B,SB
2027-07-09,S10,B,M
2027-07-10,S1,A,SB
2027-07-10,S2,A,OFF
2027-07-10,S3,A,A
2027-07-10,S4,A,M
2027-07-10,S5,A,N
2027-07-10,S6,B,M
2027-07-10,S7,B,A
2027-07-10,S8,B,N
2027-07-10,S9,B,SB
2027-07-10,S10,B,OFF
2027-07-11,S1,A,N
2027-07-11,S2,A,M
2027-07-11,S3,A,SB
2027-07-11,S4,A,OFF
2027-07-11,S5,A,A
2027-07-11,S6,B,M
2027-07-11,S7,B,SB
2027-07-11,S8,B,A
2027-07-11,S9,B,N
2027-07-11,S10,B,OFF
2027-07-12,S1,A,A
2027-07-12,S2,A,M
2027-07-12,S3,A,N
2027-07-12,S4,A,OFF
2027-07-12,S5,A,SB
2027-07-12,S6,B,SB
2027-07-12,S7,B,N
2027-07-12,S8,B,OFF
2027-07-12,S9,B,A
2027-07-12,S10,B,M
2027-07-13,S1,A,OFF
2027-07-13,S2,A,M
2027-07-13,S3,A,SB
2027-07-13,S4,A,A
2027-07-13,S5,A,N
2027-07-13,S6,B,A
2027-07-13,S7,B,SB
2027-07-13,S8,B,OFF
2027-07-13,S9,B,N
2027-07-13,S10,B,M
2027-07-14,S1,A,SB
2027-07-14,S2,A,N
2027-07-14,S3,A,A
2027-07-14,S4,A,M
2027-07-14,S5,A,OFF
2027-07-14,S6,B,M
2027-07-14,S7,B,A
2027-07-14,S8,B,OFF
2027-07-14,S9,B,SB
2027-07-14,S10,B,N
2027-07-15,S1,A,N
2027-07-15,S2,A,OFF
2027-07-15,S3,A,M
2027-07-15,S4,A,A
2027-07-15,S5,A,SB
2027-07-15,S6,B,M
2027-07-15,S7,B,A
2027-07-15,S8,B,N
2027-07-15,S9,B,OFF
2027-07-15,S10,B,SB
2027-07-16,S1,A,SB
2027-07-16,S2,A,OFF
2027-07-16,S3,A,M
2027-07-16,S4,A,A
2027-07-16,S5,A,N
2027-07-16,S6,B,N
2027-07-16,S7,B,SB
2027-07-16,S8,B,A
2027-07-16,S9,B,M
2027-07-16,S10,B,OFF
2027-07-17,S1,A,OFF
2027-07-17,S2,A,SB
2027-07-17,S3,A,M
2027-07-17,S4,A,N
2027-07-17,S5,A,A
2027-07-17,S6,B,SB
2027-07-17,S7,B,A
2027-07-17,S8,B,N
2027-07-17,S9,B,M
2027-07-17,S10,B,OFF
2027-07-18,S1,A,OFF
2027-07-18,S2,A,A
2027-07-18,S3,A,N
2027-07-18,S4,A,SB
2027-07-18,S5,A,M
2027-07-18,S6,B,N
2027-07-18,S7,B,M
2027-07-18,S8,B,OFF
2027-07-18,S9,B,SB
2027-07-18,S10,B,A
2027-07-19,S1,A,M
2027-07-19,S2,A,A
2027-07-19,S3,A,SB
2027-07-19,S4,A,OFF
2027-07-19,S5,A,N
2027-07-19,S6,B,SB
2027-07-19,S7,B,M
2027-07-19,S8,B,OFF
2027-07-19,S9,B,A
2027-07-19,S10,B,N
2027-07-20,S1,A,OFF
2027-07-20,S2,A,M
2027-07-20,S3,A,N
2027-07-20,S4,A,A
2027-07-20,S5,A,SB
2027-07-20,S6,B,SB
2027-07-20,S7,B,M
2027-07-20,S8,B,N
2027-07-20,S9,B,OFF
2027-07-20,S10,B,A
2027-07-21,S1,A,SB
2027-07-21,S2,A,M
2027-07-21,S3,A,N
2027-07-21,S4,A,OFF
2027-07-21,S5,A,A
2027-07-21,S6,B,N
2027-07-21,S7,B,M
2027-07-21,S8,B,A
2027-07-21,S9,B,OFF
2027-07-21,S10,B,SB
2027-07-22,S1,A,A
2027-07-22,S2,A,M
2027-07-22,S3,A,OFF
2027-07-22,S4,A,SB
2027-07-22,S5,A,N
2027-07-22,S6,B,OFF
2027-07-22,S7,B,SB
2027-07-22,S8,B,M
2027-07-22,S9,B,A
2027-07-22,S10,B,N
2027-07-23,S1,A,A
2027-07-23,S2,A,OFF
2027-07-23,S3,A,M
2027-07-23,S4,A,N
2027-07-23,S5,A,SB
2027-07-23,S6,B,OFF
2027-07-23,S7,B,N
2027-07-23,S8,B,M
2027-07-23,S9,B,A
2027-07-23,S10,B,SB
2027-07-24,S1,A,M
2027-07-24,S2,A,OFF
2027-07-24,S3,A,A
2027-07-24,S4,A,SB
2027-07-24,S5,A,N
2027-07-24,S6,B,SB
2027-07-24,S7,B,OFF
2027-07-24,S8,B,A
2027-07-24,S9,B,M
2027-07-24,S10,B,N
2027-07-25,S1,A,M
2027-07-25,S2,A,OFF
2027-07-25,S3,A,A
2027-07-25,S4,A,N
2027-07-25,S5,A,SB
2027-07-25,S6,B,OFF
2027-07-25,S7,B,SB
2027-07-25,S8,B,M
2027-07-25,S9,B,N
2027-07-25,S10,B,A
2027-07-26,S1,A,A
2027-07-26,S2,A,M
2027-07-26,S3,A,OFF
2027-07-26,S4,A,SB
2027-07-26,S5,A,N
2027-07-26,S6,B,A
2027-07-26,S7,B,SB
2027-07-26,S8,B,OFF
2027-07-26,S9,B,N
2027-07-26,S10,B,M
2027-07-27,S1,A,SB
2027-07-27,S2,A,M
2027-07-27,S3,A,OFF
2027-07-27,S4,A,A
2027-07-27,S5,A,N
2027-07-27,S6,B,A
2027-07-27,S7,B,N
2027-07-27,S8,B,OFF
2027-07-27,S9,B,SB
2027-07-27,S10,B,M
2027-07-28,S1,A,SB
2027-07-28,S2,A,M
2027-07-28,S3,A,N
2027-07-28,S4,A,A
2027-07-28,S5,A,OFF
2027-07-28,S6,B,M
2027-07-28,S7,B,A
2027-07-28,S8,B,N
2027-07-28,S9,B,OFF
2027-07-28,S10,B,SB
2027-07-29,S1,A,N
2027-07-29,S2,A,OFF
2027-07-29,S3,A,SB
2027-07-29,S4,A,M
2027-07-29,S5,A,A
2027-07-29,S6,B,N
2027-07-29,S7,B,OFF
2027-07-29,S8,B,A
2027-07-29,S9,B,M
2027-07-29,S10,B,SB
2027-07-30,S1,A,A
2027-07-30,S2,A,SB
2027-07-30,S3,A,N
2027-07-30,S4,A,M
2027-07-30,S5,A,OFF
2027-07-30,S6,B,N
2027-07-30,S7,B,SB
2027-07-30,S8,B,M
2027-07-30,S9,B,A
2027-07-30,S10,B,OFF
2027-07-31,S1,A,M
2027-07-31,S2,A,OFF
2027-07-31,S3,A,A
2027-07-31,S4,A,N
2027-07-31,S5,A,SB
2027-07-31,S6,B,SB
2027-07-31,S7,B,OFF
2027-07-31,S8,B,M
2027-07-31,S9,B,N
2027-07-31,S10,B,A
